用户名,会员,星级,评论,采集时间,类型1,类型2,评论时间1,评论时间2,评论时间3
一***5,PLUS会员,"<div class=""comment-star star3""></div>",产品还行，但面膜太小了,2022-04-23 21:34:41.535,茶树面膜10片,,2017-09-12 16:46,,
千***4,,"<div class=""comment-star star3""></div>",买了两盒，包装没有一盒是好的,2022-04-23 21:34:41.602,,茶树面膜10片,,2018-06-11 19:28,
l***_,,"<div class=""comment-star star3""></div>",刚到还没用不过应该不错,2022-04-23 21:34:41.666,茶树面膜10片,,2017-07-30 00:58,,
J***7,,"<div class=""comment-star star3""></div>",产品不理想，物流速度可以！,2022-04-23 21:34:41.725,【缓解痘痘】茶树面膜,,,,2020-02-10 15:02
我***我,,"<div class=""comment-star star3""></div>",还没用，等用完再来评价。,2022-04-23 21:34:41.782,,茶树面膜10片,,2017-11-25 16:12,
****3,,"<div class=""comment-star star3""></div>",物流挺快，态度也挺好，包装不好,2022-04-23 21:34:41.835,茶树面膜10片,,2018-08-07 11:18,,
静***Y,,"<div class=""comment-star star3""></div>",效果是不错，但是韩国产品只能给三星,2022-04-23 21:34:41.900,茶树面膜10片,,,,
****i,PLUS会员,"<div class=""comment-star star3""></div>",刚收到还没用，用后追评,2022-04-23 21:34:41.948,【缓解痘痘】茶树面膜,,,,2019-12-22 13:44
u***l,PLUS会员,"<div class=""comment-star star3""></div>",没以前好用了，希望以后有改善,2022-04-23 21:34:41.997,茶树面膜,,,,2019-05-18 20:25
飞***f,,"<div class=""comment-star star3""></div>",还没有用看下以后的效果吧,2022-04-23 21:34:42.070,,茶树面膜10片,,,
****f,,"<div class=""comment-star star3""></div>",昨天才开始用，不知道效果如何,2022-04-23 21:34:42.501,茶树面膜10片,,2018-07-07 18:10,,
是***鸭,,"<div class=""comment-star star3""></div>",发货速度很快，但是东西起码总要包一下吧,2022-04-23 21:34:42.565,,茶树面膜10片,,2017-01-17 15:00,
D***r,,"<div class=""comment-star star3""></div>",还不错，但觉得去油效果很一般,2022-04-23 21:34:42.625,茶树面膜10片,,2018-04-04 16:55,,
****b,,"<div class=""comment-star star3""></div>",买了今天才用，不知道效果怎么样,2022-04-23 21:34:42.700,茶树面膜10片,,2017-05-02 20:04,,
世***3,PLUS会员,"<div class=""comment-star star3""></div>",上次买的是韩国版的噢，这次是国产的吧,2022-04-23 21:34:42.802,,茶树面膜,,,
陆***静,PLUS会员,"<div class=""comment-star star3""></div>",放在上班的地方被老鼠咬了。。。。,2022-04-23 21:34:42.871,茶树面膜10片,,2016-10-12 09:16,,
玻***舞,PLUS会员,"<div class=""comment-star star3""></div>",面膜上精华液很少～面膜比较小～,2022-04-23 21:34:42.950,茶树面膜10片,,2018-02-24 23:03,,
V***j,,"<div class=""comment-star star3""></div>",还没用，看着和以前的一样,2022-04-23 21:34:43.017,茶树面膜10片,,2016-11-28 15:11,,
莫***梅,,"<div class=""comment-star star3""></div>",两颗星扣包装！物流超快，其他的用过再追评吧,2022-04-23 21:34:43.128,,茶树面膜10片,,2018-06-13 12:36,
V***6,,"<div class=""comment-star star3""></div>",正在用，暂时没看出很好的祛痘效果,2022-04-23 21:34:43.196,茶树面膜10片,,2017-09-18 20:16,,
****f,,"<div class=""comment-star star3""></div>",一般般吧！精华不多，面膜也厚,2022-04-23 21:34:43.612,【镇定祛痘】茶树面膜,,,,2020-05-14 19:52
u***h,,"<div class=""comment-star star3""></div>",盒子被人开过，谁心情能好,2022-04-23 21:34:43.666,,【调理水油平衡】茶树面膜,,2021-01-26 22:35,
****0,,"<div class=""comment-star star3""></div>",膜没有说的那么.夸张.补水还可以,2022-04-23 21:34:43.715,茶树面膜10片,,2018-07-16 10:39,,
s***a,PLUS会员,"<div class=""comment-star star3""></div>",嗯这个也还不错啊绿茶的味道可以接受的,2022-04-23 21:34:43.780,,茶树面膜10片,,2017-11-12 15:53,
****G,,"<div class=""comment-star star3""></div>",快递速度快，就是货物有残缺,2022-04-23 21:34:43.832,,【调理水油平衡】茶树面膜,,2021-02-16 19:23,
d***g,,"<div class=""comment-star star3""></div>",活动期间买的，价格还可以，这一盒的封口是打开的。,2022-04-23 21:34:43.885,,【镇定祛痘】茶树面膜,,,
H***g,,"<div class=""comment-star star3""></div>",看起来不错，期待能有好的效果吧！,2022-04-23 21:34:43.934,,茶树面膜10片,,,
u***6,,"<div class=""comment-star star3""></div>",还行就当是心里安慰吧痘痘还是没消下去,2022-04-23 21:34:43.991,【缓解痘痘】茶树面膜,,,,2020-02-29 17:40
金***光,,"<div class=""comment-star star3""></div>",使用感受：还可以适合肤质：各种肤质出了太干的不太适合,2022-04-23 21:34:44.052,【镇定肌肤】茶树面膜,,2020-08-19 18:55,,
****Y,,"<div class=""comment-star star3""></div>",补水效果：补水效果还可以，用完可以看出。,2022-04-23 21:34:44.102,【缓解痘痘】茶树面膜,,,,2020-01-18 10:36
****p,PLUS会员,"<div class=""comment-star star3""></div>",一般，味道挺好闻的，没什么感觉,2022-04-23 21:34:44.589,【镇定肌肤】茶树面膜,,2020-10-21 14:10,,
****2,,"<div class=""comment-star star3""></div>",挺好的！买了两次啦！,2022-04-23 21:34:44.646,茶树面膜10片,,,,
****z,PLUS会员,"<div class=""comment-star star3""></div>",一次买了3盒，其他都包装完好，就这个拿都就这样被打开了，好不爽,2022-04-23 21:34:44.704,,茶树面膜10片,,2018-05-24 19:48,
鱼***y,PLUS会员,"<div class=""comment-star star3""></div>",保湿效果不错。这个还没用……,2022-04-23 21:34:44.763,茶树面膜10片,,2017-07-13 14:27,,
无***6,PLUS会员,"<div class=""comment-star star3""></div>",其他特色：不知道效果。。。。。,2022-04-23 21:34:44.833,茶树面膜,,,,2019-09-21 09:11
在***子,PLUS会员,"<div class=""comment-star star3""></div>",没什么感觉，还是保湿补水的经典款比较好用。,2022-04-23 21:34:44.894,,茶树面膜,,,
w***y,PLUS会员,"<div class=""comment-star star3""></div>",包装盒有损坏，使用效果应该还不错，老顾客了,2022-04-23 21:34:44.955,,【镇定肌肤】茶树面膜,,2020-11-02 13:33,
丁***5,PLUS会员,"<div class=""comment-star star3""></div>",产品一般，精华液很少，使用效果欠佳。,2022-04-23 21:34:45.034,【镇定肌肤】茶树面膜,,2020-11-21 21:22,,
塞***园,,"<div class=""comment-star star3""></div>",没效果没效果没效果。但是味道闻着还不错,2022-04-23 21:34:45.101,【镇定祛痘】茶树面膜,,,,2020-05-01 13:07
M***宝,,"<div class=""comment-star star3""></div>",产品质感：还可以使用感受：一般般适合肤质：我是油皮补水效果：不错贴合效果：一般,2022-04-23 21:34:45.172,【缓解痘痘】茶树面膜,,,,2019-12-11 13:46
姐***冷,PLUS会员,"<div class=""comment-star star3""></div>",买给家婆的她挺喜欢用,2022-04-23 21:34:45.605,【水油平衡】茶树面膜,,2021-06-27 23:04,,
南***月,,"<div class=""comment-star star3""></div>",我就想说，还行吧，这款其实没有其它的几款好用，总体还可以。,2022-04-23 21:34:45.653,茶树面膜10片,,2018-08-17 18:42,,
C***c,,"<div class=""comment-star star3""></div>",在使用中，期待着效果。,2022-04-23 21:34:45.702,茶树面膜10片,,,,
****7,PLUS会员,"<div class=""comment-star star3""></div>",过敏用着痘痘变多了,2022-04-23 21:34:45.770,茶树面膜10片,,2017-04-14 20:14,,
非***民,PLUS会员,"<div class=""comment-star star3""></div>",补水效果：一般使用感受：和国产品牌差不多产品质感：觉好,2022-04-23 21:34:45.821,,【水油平衡】茶树面膜,,2021-04-29 15:57,
M***猛,PLUS会员,"<div class=""comment-star star3""></div>",一直在京东自营上买东西,2022-04-23 21:34:45.864,【镇定舒缓】茶树面膜,,2021-12-14 12:12,,
图***破,PLUS会员,"<div class=""comment-star star3""></div>",买了10片用着，一般般吧，没啥感觉，现在用补水的了,2022-04-23 21:34:45.910,【缓解痘痘】茶树面膜,,,,2020-01-01 20:45
我***l,PLUS会员,"<div class=""comment-star star3""></div>",之前一直都是在朋友的实体店买的，但是最近她换工作了，只有抱着试试的态度，在京东上面买，希望是正品……,2022-04-23 21:34:45.955,,茶树面膜10片,,2017-07-22 14:17,
老***i,,"<div class=""comment-star star3""></div>",一般吧，普通补水就可以,2022-04-23 21:34:46.002,【镇定舒缓】茶树面膜,,2021-11-25 12:55,,
m***x,,"<div class=""comment-star star3""></div>",用着不错，就是包装把面膜纸压住了得用力扯出来真伤心,2022-04-23 21:34:46.058,茶树面膜10片,,2016-11-11 14:35,,
a***l,,"<div class=""comment-star star3""></div>",为什么选择京东？1、速度快。2、自营售后有保证。3、可以看到用户的真实评论。因为买的东西多，所以我收到货后都会先复制这些文字，然后等使用后再追加心得体会,2022-04-23 21:34:46.482,茶树面膜10片,,2017-09-11 19:30,,
****p,,"<div class=""comment-star star3""></div>",这款面膜现在冬天用了之后很干，感觉一般。,2022-04-23 21:34:46.548,【调理水油平衡】茶树面膜,,2021-02-04 10:37,,
M***i,,"<div class=""comment-star star3""></div>",精华很好闻，一股茶味，但是第二天反正是该出油还出油╮（╯＿╰）╭,2022-04-23 21:34:46.613,,茶树面膜,,,
阿***哥,,"<div class=""comment-star star3""></div>",使用感受：还好，精华很少，不知道放了多久产品质感：一般，实话实说,2022-04-23 21:34:46.673,【镇定肌肤】茶树面膜,,2020-07-25 13:46,,
Q***u,PLUS会员,"<div class=""comment-star star3""></div>",看了背面的成分陈列，才知道里面含酒精?都不想用了…,2022-04-23 21:34:46.730,,茶树面膜10片,,,
f****,,"<div class=""comment-star star3""></div>",补水不错，但没觉着有控油的效果，一般睡前用，早起还是大油脸,2022-04-23 21:34:46.793,茶树面膜10片,,2018-05-15 01:38,,
****q,,"<div class=""comment-star star3""></div>",一直都用美迪惠尔感觉还不错吧这次到的很快,2022-04-23 21:34:46.853,,【镇定舒缓】茶树面膜,,2022-03-08 22:21,
都***头,,"<div class=""comment-star star3""></div>",快递是快的起飞，昨天早上买的，昨天中午就到了，但是，昨天晚上敷了一贴，早上起来脸上就起了痘?，怎么办，我还敷不敷,2022-04-23 21:34:46.917,茶树面膜10片,,2017-12-20 14:19,,
****u,PLUS会员,"<div class=""comment-star star3""></div>",就是有些小贵，还可以,2022-04-23 21:34:46.989,,【水油平衡】茶树面膜,,2021-09-17 22:25,
泡***6,,"<div class=""comment-star star3""></div>",用了绿色包装的那个茶树面膜第二天眼睛下面长红痘痘，说是过敏的症状，再过几天用试试看吧,2022-04-23 21:34:47.068,【水油平衡】茶树面膜,,2021-03-31 13:06,,
宁***购,,"<div class=""comment-star star3""></div>",刚收到就觉得放了很久的感觉，一个这么多灰，另一个还开了，京东现在买东西也令人担忧了，不过还没用，不知道效果怎么样，,2022-04-23 21:34:47.509,,茶树面膜,,,
****n,,"<div class=""comment-star star3""></div>",这款有正式开始使用，非常不错，很好用挺好的，用完哗哗的，水水的。闪闪闪,2022-04-23 21:34:47.564,茶树面膜,,,,2019-06-04 14:15
****x,,"<div class=""comment-star star3""></div>",今天收到货打开用了一片，袋子里没有多余的精华，面膜上也很少，贴在脸上跟干的似的,2022-04-23 21:34:47.603,【缓解痘痘】茶树面膜,,,,2019-12-13 22:21
j***g,,"<div class=""comment-star star3""></div>",这个清洁功效的还没用过，这个牌子觉得很实惠，保湿效果很好，希望是正品，包装不错，物流很快，配送服务态度也不错，满减很划算，性价比不错。,2022-04-23 21:34:47.640,,茶树面膜10片,,2018-01-24 21:29,
s***o,PLUS会员,"<div class=""comment-star star3""></div>",这款茶树的不如蓝色的那款补水效果好，一直在用这个牌子的，用着不会特别大。。。比较适合我的脸型。。。,2022-04-23 21:34:47.694,茶树面膜,,,,2018-12-23 18:21
w***e,,"<div class=""comment-star star3""></div>",如果满分100分，我给70分。,2022-04-23 21:34:47.741,【镇定舒缓】茶树面膜,,2022-02-20 20:31,,
拉***妖,PLUS会员,"<div class=""comment-star star3""></div>",无功无过是面膜。。。。。Mediheal可莱丝美迪惠尔茶树面膜10片水库针剂(保湿补水睡眠亮肤护肤品男女士）,2022-04-23 21:34:47.787,茶树面膜10片,,2016-10-03 08:53,,
****6,,"<div class=""comment-star star3""></div>",使用感受：用这个牌子好久了这次买的没以前好，里面都没什么精华液，刚敷脸上就快干了，也不知道是不是放了很长时间的,2022-04-23 21:34:47.835,茶树面膜,,,,2019-09-25 02:19
****2,,"<div class=""comment-star star3""></div>",适合肤质：用了一片还挺控油的感觉但是精华确实很少面膜纸感觉有点厚就还是干的感觉,2022-04-23 21:34:47.878,【镇定肌肤】茶树面膜,,2020-08-10 14:30,,
七***苿,,"<div class=""comment-star star3""></div>",一直用这个牌子，又买了四盒。但这家应该不是正品。面膜袋上没有防伪标志。,2022-04-23 21:34:47.926,【镇定舒缓】茶树面膜,,2021-10-23 12:13,,
K***7,PLUS会员,"<div class=""comment-star star3""></div>",收到货包装完好，活动价入手几件，主要是实惠，男士不需要用太高端的，冬季来了，肌肤补水保湿很有必要，效果还可以，面部轮廓贴合度一般。,2022-04-23 21:34:48.235,【镇定肌肤】茶树面膜,,2020-12-01 15:37,,
楚***清,,"<div class=""comment-star star3""></div>",面膜已收到，发货挺快的，物流也很快，第二天就到了，包装还行吧，第一次买这个牌子的，还没用过，不知道好不好用，等用过再来追评吧。,2022-04-23 21:34:48.297,【水油平衡】茶树面膜,,2021-07-02 23:57,,
****v,,"<div class=""comment-star star3""></div>",收到货当天晚上就用了，感觉精华很少，没敷多久就干了，面膜纸有点厚厚的感觉，不过还好挺服帖的，特别清爽不油腻,2022-04-23 21:34:48.352,【镇定肌肤】茶树面膜,,2020-09-23 21:33,,
少***乐,,"<div class=""comment-star star3""></div>",使用感受：面膜太大，尤其眼角会有大片空处。精华较少补水效果：一般般贴合效果：因为精华少，所以不太贴合……这是我用过五片面膜之后感受出来的,2022-04-23 21:34:48.418,【镇定肌肤】茶树面膜,,2020-09-19 23:07,,
****1,,"<div class=""comment-star star3""></div>",产品质感：很薄的材质，不清楚是什么材料。使用感受：补水一般。适合肤质：混合敏感性肤质也可以用。补水效果：一般般。贴合效果：面膜设计的非常松散，贴在脸上没法看。其他特色：价格非常实惠，如果按原价购买，还是同等材质，明显不值，不如olay有质感。,2022-04-23 21:34:48.506,【镇定肌肤】茶树面膜,,2020-08-28 10:50,,
1***o,PLUS会员,"<div class=""comment-star star3""></div>",产品质感：质感还不错，支持一下国产吧，听朋友说挺好用的使用感受：稍微冰镇一下后，使用起来冰冰凉凉的，用完之后皮肤嫩嫩的，补水效果不错适合肤质：肤质的话，应该所有肤质都适合吧,2022-04-23 21:34:48.568,【水油平衡】茶树面膜,,2021-07-30 17:34,,
z***3,,"<div class=""comment-star star2""></div>",不像是正品，入手需谨慎,2022-04-23 21:34:48.630,茶树面膜10片,,2016-11-12 08:26,,
u***z,,"<div class=""comment-star star3""></div>",面膜包装坏了，怀疑真假,2022-04-23 21:34:48.690,茶树面膜,,,,2019-09-12 11:49
g***u,,"<div class=""comment-star star2""></div>",物品一般京东快递很好很快,2022-04-23 21:34:48.760,茶树面膜10片,,2017-05-13 10:20,,
6***0,PLUS会员,"<div class=""comment-star star2""></div>",这面膜以后绝对不会再买了啦,2022-04-23 21:34:48.833,茶树面膜,,,,2019-06-22 14:30
****R,PLUS会员,"<div class=""comment-star star3""></div>",包装没有密封有被调包的嫌疑,2022-04-23 21:34:49.232,茶树面膜,,,,2019-08-19 22:26
d***a,,"<div class=""comment-star star2""></div>",看到包装就是不好的购物体验了,2022-04-23 21:34:49.280,,茶树面膜10片,,2018-05-20 12:52,
u***z,,"<div class=""comment-star star3""></div>",这包装方式真是够了，都被压坏了,2022-04-23 21:34:49.326,,茶树面膜10片,,2017-12-20 21:13,
****3,,"<div class=""comment-star star2""></div>",盒子是破的，不知道是不是正品。,2022-04-23 21:34:49.371,茶树面膜10片,,2016-07-21 15:37,,
都***话,,"<div class=""comment-star star3""></div>",补水效果没有想象中的号,2022-04-23 21:34:49.418,茶树面膜10片,,2016-12-19 07:13,,
****l,,"<div class=""comment-star star3""></div>",给大家欣赏一下这么烂的盒子，醉了,2022-04-23 21:34:49.475,,茶树面膜10片,,2018-06-27 22:20,
b***s,,"<div class=""comment-star star3""></div>",不知道是不是假货这种塑封,2022-04-23 21:34:49.525,,茶树面膜10片,,2016-12-09 17:29,
u***f,,"<div class=""comment-star star2""></div>",脸大的不建议买一般般吧,2022-04-23 21:34:49.576,茶树面膜,,,,2019-06-20 16:25
s***5,,"<div class=""comment-star star3""></div>",味道有些，怎么像甲醛的味儿?,2022-04-23 21:34:49.620,,茶树面膜10片,,2017-09-09 10:52,
****4,,"<div class=""comment-star star3""></div>",包装全烂了打开以后面膜都是散装的,2022-04-23 21:34:49.668,,茶树面膜10片,,2018-05-08 14:01,
v***v,,"<div class=""comment-star star3""></div>",用了一半了，效果不是很明显,2022-04-23 21:34:49.993,茶树面膜10片,,2016-10-25 19:54,,
b***_,,"<div class=""comment-star star3""></div>",我都不想说了，每盒都是开口的,2022-04-23 21:34:50.085,,控油战痘茶树面膜25ml*10,,2016-05-21 12:55,
月***明,,"<div class=""comment-star star3""></div>",感觉没啥用，不如其他的,2022-04-23 21:34:50.142,【缓解痘痘】茶树面膜,,,,2020-01-09 12:05
****a,PLUS会员,"<div class=""comment-star star3""></div>",查条形码，啥都不显示，假的？,2022-04-23 21:34:50.200,茶树面膜10片,,,,
****c,,"<div class=""comment-star star2""></div>",还没有开始用。还用会再买的,2022-04-23 21:34:50.262,茶树面膜10片,,2017-06-05 08:24,,
高***-,,"<div class=""comment-star star2""></div>",就那样吧，用过之后没什么效果,2022-04-23 21:34:50.318,,茶树面膜10片,,2016-07-11 11:53,
****7,,"<div class=""comment-star star3""></div>",我觉得一般，不是很好用。,2022-04-23 21:34:50.384,【镇定祛痘】茶树面膜,,,,2020-05-23 09:48
火***4,,"<div class=""comment-star star2""></div>",包装坏掉了，却联系不到客服，唉,2022-04-23 21:34:50.448,,【缓解痘痘】茶树面膜,,,
****i,,"<div class=""comment-star star2""></div>",没有在实体店买的补水效果好,2022-04-23 21:34:50.508,【缓解痘痘】茶树面膜,,,,2019-11-23 13:06
b***r,,"<div class=""comment-star star2""></div>",包装明显有被撕的痕迹。但愿东西没问题吧,2022-04-23 21:34:50.596,茶树面膜10片,,2017-11-10 11:58,,
****3,,"<div class=""comment-star star2""></div>",开过的？面膜盒子没有封口,2022-04-23 21:34:51.036,,【缓解痘痘】茶树面膜,,,
一***罩,PLUS会员,"<div class=""comment-star star3""></div>",没看到什么效果，水多的确是多的,2022-04-23 21:34:51.087,,控油战痘茶树面膜25ml*10,,2016-05-27 19:56,
****看,,"<div class=""comment-star star3""></div>",感觉一般，而且还贵。不如买其他的,2022-04-23 21:34:51.141,【缓解痘痘】茶树面膜,,,,2019-11-28 09:24
D***r,,"<div class=""comment-star star3""></div>",包装都破了……都不敢确定是不是真的,2022-04-23 21:34:51.191,茶树面膜,,,,2019-04-03 09:52
****K,,"<div class=""comment-star star2""></div>",外盒好破烂被人开过的感觉,2022-04-23 21:34:51.257,,【镇定祛痘】茶树面膜,,,
沐***云,PLUS会员,"<div class=""comment-star star2""></div>",用完没什么效果，不好用！,2022-04-23 21:34:51.317,,茶树面膜10片,,,
国***静,PLUS会员,"<div class=""comment-star star2""></div>",这个比另一个还离谱，直接包装坏了一半。,2022-04-23 21:34:51.362,,茶树面膜10片,,2018-05-02 11:03,
****4,PLUS会员,"<div class=""comment-star star3""></div>",没有什么功效，就是得敷敷,2022-04-23 21:34:51.407,茶树面膜10片,,2016-11-06 15:31,,
****b,,"<div class=""comment-star star2""></div>",本来送人的压成这样，惨不忍睹，唉，,2022-04-23 21:34:51.453,,茶树面膜,,,
天***怡,,"<div class=""comment-star star3""></div>",感觉一般，没发现什么不同,2022-04-23 21:34:51.510,茶树面膜10片,,2017-07-23 06:07,,
w***然,PLUS会员,"<div class=""comment-star star2""></div>",好像没什么效果啊，过段时间再看看,2022-04-23 21:34:51.905,茶树面膜10片,,2017-08-21 19:27,,
一***y,,"<div class=""comment-star star3""></div>",面膜包装破损，盒子没有封口是拆开的,2022-04-23 21:34:51.953,,【缓解痘痘】茶树面膜,,,
****v,,"<div class=""comment-star star2""></div>",感受很一般，敷上脸有点不舒服,2022-04-23 21:34:52.021,【缓解痘痘】茶树面膜,,,,2019-12-29 13:21
****x,,"<div class=""comment-star star2""></div>",可能是暴力快递，把盒子挤开了,2022-04-23 21:34:52.094,,【镇定肌肤】茶树面膜,,2020-11-16 21:51,
熊***噜,PLUS会员,"<div class=""comment-star star2""></div>",收到的时候盒子撕烂了也是打开的让人不敢用,2022-04-23 21:34:52.152,茶树面膜10片,,2016-10-22 20:32,,
b***2,,"<div class=""comment-star star3""></div>",到手就降价，还不让价格保护。,2022-04-23 21:34:52.214,【镇定肌肤】茶树面膜,,2020-06-18 20:54,,
u***4,,"<div class=""comment-star star2""></div>",还没有用，是不是正品不好说。包装盒坏了。,2022-04-23 21:34:52.279,控油战痘茶树面膜25ml*10,,2016-06-22 11:17,,
****q,,"<div class=""comment-star star3""></div>",这个品牌的这款本人不是特别喜欢感觉像歪货,2022-04-23 21:34:52.342,茶树面膜10片,,2017-09-27 15:15,,
j***e,,"<div class=""comment-star star3""></div>",感觉效果一般吧，不明显。,2022-04-23 21:34:52.403,茶树面膜10片,,2016-11-04 08:54,,
****d,,"<div class=""comment-star star3""></div>",有一股味道，不知道好不好,2022-04-23 21:34:52.487,控油战痘茶树面膜25ml*10,,2016-06-11 23:08,,
等***i,,"<div class=""comment-star star3""></div>",效果不咋的，买了几种面膜都没啥效果，,2022-04-23 21:34:52.905,茶树面膜10片,,2016-08-31 18:49,,
尘***丶,,"<div class=""comment-star star3""></div>",不好用，这款没有黑面膜好用,2022-04-23 21:34:52.953,茶树面膜10片,,2017-08-16 23:13,,
****q,PLUS会员,"<div class=""comment-star star3""></div>",包装像是开过的，应该是正品吧,2022-04-23 21:34:52.999,,【镇定肌肤】茶树面膜,,2020-09-26 19:45,
****N,,"<div class=""comment-star star3""></div>",精华不是太多没有蓝色好用,2022-04-23 21:34:53.048,茶树面膜,,,,2019-08-28 03:00
要***鱼,PLUS会员,"<div class=""comment-star star2""></div>",自营面膜搞活动，囤了一些，算下来6块多一片。,2022-04-23 21:34:53.092,【缓解痘痘】茶树面膜,,,,2020-02-17 13:53
小***椒,,"<div class=""comment-star star2""></div>",便宜没好货，用的脸烂了,2022-04-23 21:34:53.130,【镇定肌肤】茶树面膜,,2020-10-20 22:07,,
a***1,PLUS会员,"<div class=""comment-star star2""></div>",一次买了四种四盒，为啥就这个没有封口标签,2022-04-23 21:34:53.182,【镇定肌肤】茶树面膜,,2020-06-14 20:47,,
****n,,"<div class=""comment-star star3""></div>",粘粘的不太喜欢，还没什么用,2022-04-23 21:34:53.223,茶树面膜10片,,2017-05-14 11:23,,
w***2,PLUS会员,"<div class=""comment-star star2""></div>",用了感觉皮肤更不好了，还不如以前。,2022-04-23 21:34:53.278,茶树面膜10片,,2017-10-10 11:00,,
0***0,PLUS会员,"<div class=""comment-star star3""></div>",这个不好用，越用脸上痘痘越多,2022-04-23 21:34:53.324,茶树面膜10片,,,,
天***将,PLUS会员,"<div class=""comment-star star3""></div>",一般，没啥效果，不值这个价,2022-04-23 21:34:53.717,【镇定肌肤】茶树面膜,,2020-08-01 10:32,,
****z,,"<div class=""comment-star star3""></div>",盒子都压扁了怎么搞的嘛……,2022-04-23 21:34:53.764,,,,,
酷***呀,PLUS会员,"<div class=""comment-star star3""></div>",这个包装不想说什么了拆开就这样了……,2022-04-23 21:34:53.814,,茶树面膜10片,,2017-10-11 21:53,
****A,,"<div class=""comment-star star2""></div>",物流很快，可是盒子全都开了，不太满意,2022-04-23 21:34:53.886,【缓解痘痘】茶树面膜,,,,2019-11-12 14:22
****n,,"<div class=""comment-star star3""></div>",使用感受：一般般，没有补水那款好用,2022-04-23 21:34:53.965,【镇定肌肤】茶树面膜,,2020-06-21 13:48,,
略***1,,"<div class=""comment-star star2""></div>",不好jia的扫不到码面膜贴的也不好,2022-04-23 21:34:54.028,茶树面膜10片,,2017-06-25 18:36,,
****5,,"<div class=""comment-star star3""></div>",收到货打开就这样，里面的盒子好像之前被打开过,2022-04-23 21:34:54.092,,茶树面膜10片,,2018-08-09 12:43,
炫***天,PLUS会员,"<div class=""comment-star star3""></div>",感觉没多大用处，最多就补补水。,2022-04-23 21:34:54.155,茶树面膜10片,,2018-06-21 09:36,,
h***6,,"<div class=""comment-star star2""></div>",感觉味道有点刺鼻，和实体店买的不一样啊,2022-04-23 21:34:54.240,茶树面膜10片,,,,
u***i,,"<div class=""comment-star star3""></div>",全球购自营为什么和这个不是一个价格，不是一家的麽,2022-04-23 21:34:54.306,茶树面膜10片,,2018-05-11 18:04,,
滴***地,,"<div class=""comment-star star3""></div>",盒子上面写了套装误拆，为什么送来有一盒是拆开的,2022-04-23 21:34:54.736,,茶树面膜10片,,2018-03-12 11:11,
P***Z,,"<div class=""comment-star star3""></div>",买了四盒，有一盒已经开封了,2022-04-23 21:34:54.786,【调理水油平衡】茶树面膜,,2021-01-05 10:13,,
k***0,PLUS会员,"<div class=""comment-star star3""></div>",外包装的颜色感觉和tiānMāo旗舰店发货的不一样。不知真假,2022-04-23 21:34:54.833,茶树面膜10片,,2017-07-17 18:37,,
尧***7,PLUS会员,"<div class=""comment-star star3""></div>",不觉得控油一般包装特旧都没有密封,2022-04-23 21:34:54.877,茶树面膜10片,,2018-09-29 23:16,,
K***X,,"<div class=""comment-star star3""></div>",袋子装的，盒子有点压变形了，面膜还没用,2022-04-23 21:34:54.918,,茶树面膜10片,,2018-03-08 12:21,
紫***罗,,"<div class=""comment-star star3""></div>",包装不敢恭维，烂成这样心里真的不舒服,2022-04-23 21:34:54.967,,茶树面膜10片,,2018-08-14 10:54,
u***z,,"<div class=""comment-star star2""></div>",补水效果：这个补水效果不好，好像没什么感受,2022-04-23 21:34:55.031,【缓解痘痘】茶树面膜,,,,2019-12-17 06:38
漫***爸,,"<div class=""comment-star star3""></div>",用完了，没有蓝色的好用,2022-04-23 21:34:55.081,【调理水油平衡】茶树面膜,,2020-12-17 12:24,,
****4,PLUS会员,"<div class=""comment-star star3""></div>",没用多久、感觉一般、毕竟价格不贵,2022-04-23 21:34:55.122,【缓解痘痘】茶树面膜,,,,2019-12-04 11:20
x***0,PLUS会员,"<div class=""comment-star star2""></div>",这批货真不好，以后要换品牌了,2022-04-23 21:34:55.173,【调理水油平衡】茶树面膜,,2021-01-14 17:47,,
0***8,,"<div class=""comment-star star3""></div>",有点贵了，还是做活动买的呢，用完还可以吧,2022-04-23 21:34:55.475,茶树面膜10片,,2017-04-12 13:34,,
u***e,PLUS会员,"<div class=""comment-star star3""></div>",效果一般，产品质感一般,2022-04-23 21:34:55.527,【镇定肌肤】茶树面膜,,2020-07-06 10:58,,
****w,,"<div class=""comment-star star3""></div>",补水效果一般般，没有想象中的好用,2022-04-23 21:34:55.584,茶树面膜10片,,2017-12-08 19:59,,
无***人,PLUS会员,"<div class=""comment-star star2""></div>",和韩国买的面膜纸不一样，但是随便用用吧,2022-04-23 21:34:55.653,【镇定祛痘】茶树面膜,,,,2020-05-16 21:37
开***r,,"<div class=""comment-star star3""></div>",用起来不错就是有点小敷不到全脸,2022-04-23 21:34:55.712,茶树面膜10片,,2018-06-09 22:55,,
十***机,PLUS会员,"<div class=""comment-star star3""></div>",补水功能薄弱产品很一般,2022-04-23 21:34:55.775,【调理水油平衡】茶树面膜,,2021-01-09 15:29,,
小***尼,,"<div class=""comment-star star2""></div>",精华超少的面膜，没有之一。,2022-04-23 21:34:55.831,【镇定肌肤】茶树面膜,,2020-08-02 15:48,,
u***9,,"<div class=""comment-star star3""></div>",不推荐…就是买来敷了玩的！没什么作用,2022-04-23 21:34:55.893,茶树面膜10片,,2016-08-27 11:51,,
秀***g,PLUS会员,"<div class=""comment-star star3""></div>",精华液比较少，感觉不补水,2022-04-23 21:34:55.956,【镇定肌肤】茶树面膜,,2020-08-12 21:03,,
此***e,,"<div class=""comment-star star2""></div>",终于找到过敏的原因了，脸上跟结了一层皮一样,2022-04-23 21:34:56.019,茶树面膜10片,,2018-07-26 14:33,,
****g,,"<div class=""comment-star star3""></div>",面膜液不是很多，男士敷面膜小了那么一点点,2022-04-23 21:34:56.455,【缓解痘痘】茶树面膜,,,,2020-02-11 07:29
****a,,"<div class=""comment-star star3""></div>",使用感受：一般吧，没什么效果感觉,2022-04-23 21:34:56.505,【调理水油平衡】茶树面膜,,2021-02-19 17:16,,
****d,,"<div class=""comment-star star3""></div>",没有塑封收到的时候盒子还是打开的,2022-04-23 21:34:56.561,【镇定肌肤】茶树面膜,,2020-09-10 17:56,,
****3,,"<div class=""comment-star star3""></div>",收到货明显是别人退货的盖子撕开了一点,2022-04-23 21:34:56.600,,【镇定祛痘】茶树面膜,,,
l***落,,"<div class=""comment-star star2""></div>",一般般吧！这个不喜欢用，味道太浓了,2022-04-23 21:34:56.640,茶树面膜10片,,2017-11-24 10:52,,
****t,PLUS会员,"<div class=""comment-star star2""></div>",有点过敏，会起红点。收到后里面盒子都是打开的。,2022-04-23 21:34:56.683,【缓解痘痘】茶树面膜,,,,2020-02-14 00:21
u***d,,"<div class=""comment-star star3""></div>",有一股油漆味…怪怪的，不知道是不是正品,2022-04-23 21:34:56.725,茶树面膜10片,,2016-09-04 09:11,,
****e,PLUS会员,"<div class=""comment-star star3""></div>",感觉这次买的不是真的，和上次的面膜材质不一样,2022-04-23 21:34:56.782,茶树面膜10片,,2016-12-09 09:09,,
你***好,,"<div class=""comment-star star3""></div>",好浓的一股胶囊的味道，表示用不惯。。,2022-04-23 21:34:56.842,茶树面膜10片,,,,
****d,,"<div class=""comment-star star3""></div>",收到货的时候都烂了，也像是拆过的。。。不知道真假,2022-04-23 21:34:56.899,,茶树面膜10片,,2017-11-24 08:00,
阿***图,,"<div class=""comment-star star2""></div>",痘痘时期，我已经用了几片，对痘痘没啥减缓的效果。,2022-04-23 21:34:57.325,茶树面膜10片,,2018-05-24 11:17,,
1***i,,"<div class=""comment-star star3""></div>",有点小，脸两边贴不到，建议胖mm不要买。,2022-04-23 21:34:57.383,茶树面膜10片,,2017-09-13 19:45,,
权***8,,"<div class=""comment-star star2""></div>",还没有使用，发现买贵了，单价是被提升很多的，额，希望面膜不错吧,2022-04-23 21:34:57.441,茶树面膜10片,,2017-06-18 09:13,,
****k,,"<div class=""comment-star star2""></div>",实话实说，没有以前**买的好用,2022-04-23 21:34:57.510,【水油平衡】茶树面膜,,2021-05-14 22:55,,
****5,PLUS会员,"<div class=""comment-star star3""></div>",比较一般，第一次买这个牌子，不喜欢，不打算回购了,2022-04-23 21:34:57.610,茶树面膜10片,,2017-12-16 14:04,,
****y,,"<div class=""comment-star star3""></div>",面膜一直用挺不错的但是这次的包装真不怎么样不是套装勿拆嘛打开就这样?,2022-04-23 21:34:57.672,,茶树面膜10片,,2017-11-13 19:39,
****5,,"<div class=""comment-star star3""></div>",这盒面膜拿到之后感觉像是被拆封过一样，封口处有点脏,2022-04-23 21:34:57.725,,茶树面膜10片,,2018-03-02 14:12,
资***-,PLUS会员,"<div class=""comment-star star3""></div>",有股汽油味不知道为什么，有点不敢用了,2022-04-23 21:34:57.780,茶树面膜10片,,,,
伯***德,PLUS会员,"<div class=""comment-star star2""></div>",这个是真的吗，跟之前从韩国带的不一样，过敏！,2022-04-23 21:34:57.840,控油战痘茶树面膜25ml*10,,2016-06-06 13:45,,
萌***哈,,"<div class=""comment-star star2""></div>",今天试用了一下，脸上和手上都起满了红痘。,2022-04-23 21:34:57.909,【镇定肌肤】茶树面膜,,2020-10-25 17:43,,
戴***伯,,"<div class=""comment-star star3""></div>",盒子竟然拆开过了！！！,2022-04-23 21:34:58.337,控油战痘茶树面膜25ml*10,,2016-06-02 11:57,,
****O,,"<div class=""comment-star star2""></div>",还行吧没看出多好用用完脸就起皮,2022-04-23 21:34:58.395,【调理水油平衡】茶树面膜,,2021-03-13 12:07,,
u***d,,"<div class=""comment-star star3""></div>",这款面膜镇定舒缓一般般效果不大,2022-04-23 21:34:58.445,【镇定肌肤】茶树面膜,,2020-09-14 18:07,,
粉***台,,"<div class=""comment-star star3""></div>",包装都没有个塑封，感觉好假，大家的都这样吗,2022-04-23 21:34:58.491,【镇定肌肤】茶树面膜,,2020-10-18 09:27,,
未***1,,"<div class=""comment-star star3""></div>",先不说产品质量吧，不懂是京东物流的原因还是商家的原因，一拆开，就这样,2022-04-23 21:34:58.535,,茶树面膜,,,
c***6,,"<div class=""comment-star star3""></div>",不知道是不是被人为打开的，拿到时包装盒是打开的。,2022-04-23 21:34:58.582,,茶树面膜10片,,2018-05-26 10:55,
u***3,PLUS会员,"<div class=""comment-star star2""></div>",包装破损，一拿都掉出来了，效果待使用后在评论吧！！！,2022-04-23 21:34:58.635,,【缓解痘痘】茶树面膜,,,
u***9,,"<div class=""comment-star star3""></div>",这款面膜感觉效果一般，没有红色的那款好用,2022-04-23 21:34:58.679,茶树面膜10片,,2018-03-01 08:30,,
杨***0,PLUS会员,"<div class=""comment-star star3""></div>",一般般，效果不明显。,2022-04-23 21:34:58.731,茶树面膜10片,,2018-08-23 00:44,,
****m,,"<div class=""comment-star star2""></div>",说实话，面膜贴合不方便，没有那层薄纸，一般般,2022-04-23 21:34:58.783,茶树面膜10片,,2018-06-12 04:26,,
****X,,"<div class=""comment-star star2""></div>",水份太少了，面膜纸贴到脸上就没有水份了,2022-04-23 21:34:59.198,【缓解痘痘】茶树面膜,,,,2020-04-20 21:50
u***8,PLUS会员,"<div class=""comment-star star2""></div>",和我以前买的不一样，精华液好少，一下就干了,2022-04-23 21:34:59.248,【缓解痘痘】茶树面膜,,,,2019-11-23 10:04
晴***z,,"<div class=""comment-star star2""></div>",这个面膜我一用就起痘，不知道为什么。。。。。,2022-04-23 21:34:59.310,茶树面膜10片,,2017-11-19 18:41,,
要***A,PLUS会员,"<div class=""comment-star star3""></div>",精华少，面膜硬不服帖，没有口碑那么好,2022-04-23 21:34:59.365,茶树面膜,,,,2019-09-17 15:59
u***z,PLUS会员,"<div class=""comment-star star3""></div>",产品质感：感觉精华没有以前多了补水效果：一般般吧,2022-04-23 21:34:59.429,【缓解痘痘】茶树面膜,,,,2020-04-19 06:03
雾***1,PLUS会员,"<div class=""comment-star star2""></div>",一般敷完了脸上有点烫。我还以为就我。给朋友敷了也是一样,2022-04-23 21:34:59.491,【缓解痘痘】茶树面膜,,,,2019-10-27 08:46
安***5,,"<div class=""comment-star star3""></div>",有一股～～嗯～～发霉的味道难道只有我闻得到吗？,2022-04-23 21:34:59.556,【镇定肌肤】茶树面膜,,2020-09-02 22:49,,
s***楠,PLUS会员,"<div class=""comment-star star3""></div>",祛痘的一点用都没有越用痘越多,2022-04-23 21:34:59.620,茶树面膜10片,,2017-09-08 18:24,,
喜***花,PLUS会员,"<div class=""comment-star star3""></div>",没什么效果勉强用吧,2022-04-23 21:34:59.680,茶树面膜10片,,2018-06-19 11:07,,
小***0,,"<div class=""comment-star star3""></div>",还好打折竟然比韩国还便宜真假不好说没有韩国的防伪,2022-04-23 21:34:59.749,茶树面膜10片,,2016-10-13 10:15,,
香***檬,PLUS会员,"<div class=""comment-star star2""></div>",一直都用此品牌的面膜，每周三四次，每次敷面15分钟左右。与免税店和原产国购买回来的相应商品在细节方面有些不同。,2022-04-23 21:35:00.178,茶树面膜10片,,2018-06-05 10:42,,
****在,PLUS会员,"<div class=""comment-star star3""></div>",感觉不是正品，里面水很少，和我找的代购买还是有一定区别的,2022-04-23 21:35:00.232,茶树面膜10片,,2016-09-18 22:21,,
****?,,"<div class=""comment-star star2""></div>",不好用，差劲，没效果,2022-04-23 21:35:00.288,茶树面膜10片,,2017-04-15 15:40,,
1***8,PLUS会员,"<div class=""comment-star star2""></div>",无防伪标，印刷偏淡，效果有区别,2022-04-23 21:35:00.329,【调理水油平衡】茶树面膜,,2021-01-27 22:31,,
****d,,"<div class=""comment-star star3""></div>",精华液少，质感一般，不是很服帖,2022-04-23 21:35:00.366,【镇定肌肤】茶树面膜,,2020-10-25 09:25,,
迪***-,PLUS会员,"<div class=""comment-star star3""></div>",敷上去没感觉，接下以后脸渐渐干了，全是黏糊糊的,2022-04-23 21:35:00.408,茶树面膜10片,,2018-04-30 10:46,,
小***学,,"<div class=""comment-star star2""></div>",很一般般没什么效果,2022-04-23 21:35:00.460,茶树面膜10片,,2018-09-17 08:53,,
****f,PLUS会员,"<div class=""comment-star star3""></div>",买了三盒，打开后有一盒烂了，面膜都漏出来了。,2022-04-23 21:35:00.502,茶树面膜10片,,2018-04-04 17:47,,
D***头,PLUS会员,"<div class=""comment-star star3""></div>",感觉一般，面膜有点干,2022-04-23 21:35:00.552,【缓解痘痘】茶树面膜,,,,2019-11-12 20:47
****S,,"<div class=""comment-star star3""></div>",产品怎么样还不知道，但是包装是开封的，而且也损坏,2022-04-23 21:35:00.614,【镇定肌肤】茶树面膜,,2020-11-29 12:44,,
u***3,,"<div class=""comment-star star3""></div>",盒子被打开了，而且盒子跟面膜装反了，明显是人为装进去的,2022-04-23 21:35:01.118,茶树面膜10片,,2018-07-29 19:43,,
种***花,,"<div class=""comment-star star2""></div>",有股酒精味，不好用。,2022-04-23 21:35:01.165,茶树面膜10片,,2016-08-11 11:18,,
l***5,PLUS会员,"<div class=""comment-star star3""></div>",不明白为什么和别的面膜一起买的，为什么这个包装这么差。,2022-04-23 21:35:01.240,控油战痘茶树面膜25ml*10,,2016-06-19 15:33,,
u***z,,"<div class=""comment-star star2""></div>",试用了，脸居然长痘！,2022-04-23 21:35:01.294,茶树面膜10片,,2017-08-23 08:33,,
A***2,,"<div class=""comment-star star3""></div>",感觉面膜确实偏小…,2022-04-23 21:35:01.356,茶树面膜,,,,2019-06-08 08:07
江***团,PLUS会员,"<div class=""comment-star star3""></div>",不知道真假，酒精味道略重，跟朋友送的有差别，才敷一片，暂时没有什么问题,2022-04-23 21:35:01.413,茶树面膜10片,,2016-10-29 00:41,,
自***凡,,"<div class=""comment-star star3""></div>",效果一般，哎，我的脸啊。,2022-04-23 21:35:01.492,茶树面膜10片,,,,
****2,,"<div class=""comment-star star2""></div>",用完为啥还长痘了??,2022-04-23 21:35:01.547,【缓解痘痘】茶树面膜,,,,2020-02-21 16:33
5***a,,"<div class=""comment-star star2""></div>",不知道为什么有一古酒精味，感觉不是正品,2022-04-23 21:35:01.605,茶树面膜10片,,2016-08-13 11:29,,
****h,,"<div class=""comment-star star2""></div>",送来就是这个样子，里面的面膜散出来了，无****说,2022-04-23 21:35:01.675,茶树面膜10片,,2018-02-24 12:01,,
U***o,,"<div class=""comment-star star3""></div>",使用感受：不太习惯味道。敷上几分钟后凉飕飕的,2022-04-23 21:35:02.185,【镇定肌肤】茶树面膜,,2020-10-09 20:57,,
e***7,PLUS会员,"<div class=""comment-star star2""></div>",有点异味，有效期不清晰，感觉过期了似的。,2022-04-23 21:35:02.228,【镇定肌肤】茶树面膜,,2020-07-21 19:25,,
二***路,PLUS会员,"<div class=""comment-star star3""></div>",感觉一般，精华不多。,2022-04-23 21:35:02.271,【镇定祛痘】茶树面膜,,,,2020-04-30 23:58
宣***r,,"<div class=""comment-star star2""></div>",还行吧可能要长期使用用一盒两盒没有太明显感受,2022-04-23 21:35:02.315,茶树面膜10片,,2018-08-30 09:45,,
柠***8,PLUS会员,"<div class=""comment-star star2""></div>",并不是很满意，以前都是用箱子，这次直接套个袋子就送来了，都压扁了,2022-04-23 21:35:02.362,,茶树面膜10片,,2017-10-16 11:38,
O***生,PLUS会员,"<div class=""comment-star star2""></div>",京东的老顾户了，。这次这是咋回事？？我这是不是买假了？？还是咋回事？怎么是拆封了的？？,2022-04-23 21:35:02.412,,【镇定肌肤】茶树面膜,,2020-06-23 21:00,
巧***2,PLUS会员,"<div class=""comment-star star3""></div>",买这件面膜的时候快递出了点问题，下次应该把地址看全了。应该是正品，但是发的都是旧包装，旧版本不太喜欢,2022-04-23 21:35:02.459,茶树面膜10片,,2016-09-23 10:47,,
****8,,"<div class=""comment-star star3""></div>",这个有包装盒盒子都压变形了。买了这么多面膜外包装直接用个京东带子装也没用盒子装,2022-04-23 21:35:02.507,,茶树面膜10片,,2018-07-04 10:51,
****n,,"<div class=""comment-star star3""></div>",感觉这款闻着味道怪怪的，不知道是不是正品，很一般,2022-04-23 21:35:02.561,,茶树面膜10片,,2017-08-06 11:46,
u***d,PLUS会员,"<div class=""comment-star star2""></div>",第一次买包装还完好，怎么第二次买。包装就毁了？不知道什么原因,2022-04-23 21:35:02.615,,茶树面膜10片,,2016-09-11 20:54,
****p,,"<div class=""comment-star star2""></div>",刚打开发现盒子被打开了，面膜还破损,2022-04-23 21:35:03.006,【水油平衡】茶树面膜,,2021-04-15 23:04,,
****0,,"<div class=""comment-star star3""></div>",用完没什么感觉，有一股酒精的味道。可能不太适合我吧,2022-04-23 21:35:03.055,茶树面膜10片,,2016-11-10 15:50,,
b***u,,"<div class=""comment-star star2""></div>",使用感受：精华很少，感觉贴了不到十分钟就已经干了。,2022-04-23 21:35:03.118,【镇定肌肤】茶树面膜,,2020-07-26 18:39,,
u***k,,"<div class=""comment-star star2""></div>",味道不太好闻，以及面膜纸感觉容易撕碎i呵呵呵呵好,2022-04-23 21:35:03.176,茶树面膜,,,,2019-07-23 23:27
****c,,"<div class=""comment-star star3""></div>",面膜纸太大，感觉起不到祛痘作用，没有什么反应,2022-04-23 21:35:03.237,【缓解痘痘】茶树面膜,,,,2019-11-24 20:53
超***迷,,"<div class=""comment-star star3""></div>",价格确实优惠，效果不太明显,2022-04-23 21:35:03.297,【镇定舒缓】茶树面膜,,2021-11-03 12:29,,
d***u,,"<div class=""comment-star star3""></div>",这个快递包装是真的差，拿到手已经散完了,2022-04-23 21:35:03.355,【水油平衡】茶树面膜,,2021-06-20 21:18,,
****k,,"<div class=""comment-star star2""></div>",买了这款面膜和洗面奶，俩种味道不一楼，面膜味感觉不好闻,2022-04-23 21:35:03.434,茶树面膜10片,,2017-09-02 15:08,,
****6,PLUS会员,"<div class=""comment-star star3""></div>",没有祛痘效果，也没有补水效果。面膜还是要买贵一点的。,2022-04-23 21:35:03.526,茶树面膜10片,,,,
****o,,"<div class=""comment-star star3""></div>",包装都破了，快递盒破了就算了，面膜的盒子也破了,2022-04-23 21:35:03.593,【调理水油平衡】茶树面膜,,2021-02-04 20:36,,
x***8,PLUS会员,"<div class=""comment-star star3""></div>",感觉一般，没啥效果。。。。。。。。,2022-04-23 21:35:04.027,,茶树面膜10片,,2018-03-12 10:16,
****b,,"<div class=""comment-star star2""></div>",不好刚买就降价了,2022-04-23 21:35:04.089,【调理水油平衡】茶树面膜,,2021-01-27 21:47,,
t***7,,"<div class=""comment-star star3""></div>",没有想像的好，一般般吸收不好，敷完脸上油腻腻的。,2022-04-23 21:35:04.138,茶树面膜,,,,2019-08-26 23:43
****i,,"<div class=""comment-star star3""></div>",到货盒子已经被拆开了，唉，是别人退货的吗,2022-04-23 21:35:04.190,,【水油平衡】茶树面膜,,2021-09-28 08:52,
l***J,PLUS会员,"<div class=""comment-star star3""></div>",精华液少得可怜，也不知道是不是商品本身的原因,2022-04-23 21:35:04.251,【镇定肌肤】茶树面膜,,2020-07-23 21:26,,
端***大,PLUS会员,"<div class=""comment-star star2""></div>",不太好用啊，一般般吧,2022-04-23 21:35:04.295,【调理水油平衡】茶树面膜,,2021-02-24 12:44,,
雯***病,,"<div class=""comment-star star3""></div>",和天猫国际买的包装不一样而且面膜的质量不是很好,2022-04-23 21:35:04.333,【水油平衡】茶树面膜,,2021-06-05 08:10,,
酷***尅,,"<div class=""comment-star star3""></div>",商品本身质量没问题，但是面膜盒破损，这要是送人呢希望商家包装或者物流改进,2022-04-23 21:35:04.377,,茶树面膜10片,,2018-02-23 20:44,
u***6,,"<div class=""comment-star star3""></div>",味道不好闻，好像有酒精凉凉的，下次绝对不要这个牌子的了。,2022-04-23 21:35:04.420,茶树面膜10片,,2017-04-13 23:58,,
柑***酒,,"<div class=""comment-star star3""></div>",效果不明显，脸上还是油油的,2022-04-23 21:35:04.474,【镇定舒缓】茶树面膜,,2021-11-13 12:12,,
q***2,PLUS会员,"<div class=""comment-star star2""></div>",138四盒买的，还没用，包装反正一般,2022-04-23 21:35:05.696,【镇定舒缓】茶树面膜,,2021-11-18 22:58,,
贺***晨,,"<div class=""comment-star star3""></div>",不知道是不是正品就是盒子被压皱了在京东购物这么久第一次遇到这么暴力的快递不是很满意,2022-04-23 21:35:05.747,,茶树面膜10片,,2017-08-30 23:23,
m***s,PLUS会员,"<div class=""comment-star star2""></div>",没有想象中好用，不够清爽，不是很喜欢，有点像没用一样,2022-04-23 21:35:05.804,茶树面膜10片,,2017-08-11 18:33,,
****x,PLUS会员,"<div class=""comment-star star3""></div>",绿的黄的蓝的白的各个品种分别买了一盒，感觉没什么区别。,2022-04-23 21:35:05.860,,【调理水油平衡】茶树面膜,,2021-01-24 16:48,
J***了,,"<div class=""comment-star star3""></div>",这个面膜为什么臭臭的？！也没什么功效……怎么说呢，间接买了个脚膜,2022-04-23 21:35:05.916,茶树面膜10片,,2017-01-04 01:45,,
忘***窝,,"<div class=""comment-star star2""></div>",补水效果：一点也不补水，用完脸上脱皮的干燥，不好用。,2022-04-23 21:35:05.967,【镇定肌肤】茶树面膜,,2020-11-26 12:42,,
夏***姐,,"<div class=""comment-star star3""></div>",效果不知道好不好，但是，精华太少了，面膜都有点干?,2022-04-23 21:35:06.035,【缓解痘痘】茶树面膜,,,,2020-03-04 22:45
B***M,,"<div class=""comment-star star3""></div>",使用感受：朋友推荐的，感觉不是很好用，精华液少，有点干,2022-04-23 21:35:06.096,【镇定肌肤】茶树面膜,,2020-10-11 09:30,,
B***静,,"<div class=""comment-star star2""></div>",刚邮寄到用了一贴，感觉不是正品，太难用了。一股子塑料味，不好。跟之前在门店买的不一样,2022-04-23 21:35:06.162,【镇定肌肤】茶树面膜,,2020-11-04 19:31,,
啊***啦,,"<div class=""comment-star star3""></div>",不知道是真是假，还没用，但是从包装上看跟我从免税店买的不一样。左边是京东买的，右边是免税买的。,2022-04-23 21:35:06.227,,茶树面膜10片,,2016-09-12 22:04,
m***H,,"<div class=""comment-star star3""></div>",在香港买的可莱丝，面膜上都是有logo的，但这次上面没有，暂不确定真假，目前没有副作用....,2022-04-23 21:35:06.666,茶树面膜10片,,2018-04-05 15:34,,
****e,,"<div class=""comment-star star2""></div>",味道不好闻，效果也不好，感觉不怎么好，跟之前买的差距太大,2022-04-23 21:35:06.719,茶树面膜10片,,2017-06-29 21:51,,
我***丶,PLUS会员,"<div class=""comment-star star3""></div>",这一款的面膜布感觉不怎么样。效果还可以。,2022-04-23 21:35:06.768,【水油平衡】茶树面膜,,2021-07-03 11:41,,
****d,,"<div class=""comment-star star2""></div>",感觉不像真的，比我以前用的感觉纸薄了，质量也不好，用了几次了，感觉像假的,2022-04-23 21:35:06.810,茶树面膜,,,,2019-09-21 09:39
是***o,,"<div class=""comment-star star3""></div>",敏感肌，有痘痘的不推荐不推荐不推荐！！！,2022-04-23 21:35:06.856,【水油平衡】茶树面膜,,2021-04-07 09:12,,
剧***k,,"<div class=""comment-star star2""></div>",今天下午去拿的快递，结果拿到包裹时，里面的面膜就已经被拆开过，商家的面膜是自己装进去的吗，本来明天七夕送女朋友的，这让我怎么送，也是醉了,2022-04-23 21:35:06.906,,茶树面膜10片,,2017-08-27 17:49,
t***5,PLUS会员,"<div class=""comment-star star3""></div>",以前没有用过这次京东做活动才买的但是觉得不是太合适自己以后不会在买了,2022-04-23 21:35:06.944,,,,,
黑***静,PLUS会员,"<div class=""comment-star star2""></div>",这版本用着过敏，敷的时候有刺痛感,2022-04-23 21:35:06.988,【水油平衡】茶树面膜,,2021-10-16 22:20,,
优***袁,PLUS会员,"<div class=""comment-star star3""></div>",活动49入的。。。没用过想试试。。虽然没起什么不良反应但为什么轻轻一扯就断了,2022-04-23 21:35:07.037,,茶树面膜10片,,2017-11-16 13:38,
****6,,"<div class=""comment-star star3""></div>",已经试用过，跟我在实体买的有差别，包装字样不一样，货号不一样，精华液也省了一些，,2022-04-23 21:35:07.118,茶树面膜10片,,2017-11-22 14:09,,
玉***梦,PLUS会员,"<div class=""comment-star star3""></div>",精华液没有以前多了，一敷脸就干了，自己还要喷点爽肤水。,2022-04-23 21:35:07.511,【镇定祛痘】茶树面膜,,,,2020-05-14 22:36
u***r,,"<div class=""comment-star star2""></div>",几乎没有精华，贴上干干的像纸一样,2022-04-23 21:35:07.578,【水油平衡】茶树面膜,,2021-10-13 20:43,,
大***8,PLUS会员,"<div class=""comment-star star2""></div>",外包装稀烂…,2022-04-23 21:35:07.631,,茶树面膜10片,,2018-02-09 22:47,
****b,PLUS会员,"<div class=""comment-star star3""></div>",这次买的感觉没有之前好用了，精华也不是很多，感觉假,2022-04-23 21:35:07.695,,【镇定肌肤】茶树面膜,,2020-11-16 18:03,
a***a,PLUS会员,"<div class=""comment-star star2""></div>",快递包装不错，但是里面的包装，封胶是旧的，开封的，像是随便把面膜装进去的，不像原装。四个不同类型面膜外面的盒子都是这样，不知道怎么回事儿。差评。面膜还没用。后续追评。,2022-04-23 21:35:07.762,,【镇定祛痘】茶树面膜,,,
h***7,,"<div class=""comment-star star3""></div>",不知道是不是茶树精油的作用，敷完爆痘了，是不是催痘作用,2022-04-23 21:35:07.811,,【镇定肌肤】茶树面膜,,2020-11-03 10:47,
鱼***七,PLUS会员,"<div class=""comment-star star2""></div>",怎么说呢，送来都成这样子了，还能怎么评价，又不是只买一件物品，该用箱子包装就用箱子啊，用什么袋子，也不知道是挤烂了还是压烂了，不想说,2022-04-23 21:35:07.859,,茶树面膜10片,,2018-04-20 16:19,
格***螺,,"<div class=""comment-star star3""></div>",明明快递盒子没有压到的痕迹，面膜盒子却压成这样，说明放进去的时候就是这样了，就不能挑一个好一点的给我吗？这款味道不太好闻，正不正品的我也分辨不出，只能选择相信，但是不喜欢盒子被压烂,2022-04-23 21:35:07.910,,,,,
丶***沫,,"<div class=""comment-star star3""></div>",面膜很干精华液好少下巴太大了包装塑料膜都没有产品质感：一般使用感受：刚用没啥感觉补水效果：不行贴合效果：可以,2022-04-23 21:35:07.969,【缓解痘痘】茶树面膜,,,,2020-01-13 17:28
u***q,PLUS会员,"<div class=""comment-star star3""></div>",一般吧，之前没用过这款，没蓝色的好用。面膜纸有点小，不知道是不是因为是活动款才这样,2022-04-23 21:35:08.053,茶树面膜,,,,2019-02-16 10:41
u***g,,"<div class=""comment-star star2""></div>",看到包装没有密封，心理是崩溃的，好歹挺贵的东西，连密封一下都不愿意，东西暂时还没用不知道效果怎么样，用了之后再追评吧,2022-04-23 21:35:08.495,控油战痘茶树面膜25ml*10,,2016-06-02 08:03,,
喔***喔,,"<div class=""comment-star star2""></div>",有一盒是开着的蓝色的补水的和我之前买的味道不一样,2022-04-23 21:35:08.545,,【镇定肌肤】茶树面膜,,2020-10-25 15:01,
付***5,,"<div class=""comment-star star3""></div>",我觉得单看包装怀疑是仿品，包装两边白条不对称，一边宽一边细，而且面膜真的有点小，但是用了过后还算可以，所以给三星,2022-04-23 21:35:08.601,茶树面膜10片,,2016-11-07 10:58,,
u***g,,"<div class=""comment-star star2""></div>",说实话我不知道是不是正品，在实体店买的面膜明显比这个薄而且比这个水分多，这个敷在脸上感觉比以前买的要小,2022-04-23 21:35:08.653,茶树面膜10片,,2018-02-10 20:30,,
刺***瑰,,"<div class=""comment-star star3""></div>",越来越不走心了，虽然不影响使用，但包装搞成这个样子了换谁看着也会不舒服些，就一个口袋打包就完了，搞活动也至于这样吧，反正最后一次用了，以后换牌子,2022-04-23 21:35:08.699,,茶树面膜,,,
b***6,PLUS会员,"<div class=""comment-star star3""></div>",感觉有怪味，酒精味，不知道是不是心里作用，用着还没觉得有啥不适,2022-04-23 21:35:08.753,茶树面膜10片,,2016-11-18 19:47,,
叫***圆,,"<div class=""comment-star star3""></div>",6.18的时候价格为***，现在变成***了，当时还准备买另一个牌子的面膜，这两天的钱价格居然比618便宜***大洋，瞬间觉得年中大促就是个噱头而已.,2022-04-23 21:35:08.809,控油战痘茶树面膜25ml*10,,2016-06-25 22:33,,
C***y,,"<div class=""comment-star star3""></div>",买了两盒给男朋友，没用过不知到效果怎么样。快递员在我上课的时候打电话给我，把我吓死。然后包装有点压坏了。然后使用效果等用过再反馈吧。,2022-04-23 21:35:08.845,,茶树面膜10片,,2018-05-26 12:02,
****8,,"<div class=""comment-star star3""></div>",请问商家，我买的这个是正品吗，为什么和我之前买的感觉不一样，营养液也不稠，面膜也不太服帖,2022-04-23 21:35:08.893,茶树面膜10片,,2016-11-05 21:42,,
是***啊,,"<div class=""comment-star star2""></div>",物流挺快递，当天买的下午就到了，可是包装居然用塑料袋就发货过来了，盒子也破了，表示有点伤心，面膜还没用，不知道效果怎么样，还会来追评的，以前一直用这个牌子的面膜，希望不要失望,2022-04-23 21:35:08.945,,茶树面膜10片,,2018-05-31 13:24,
****7,,"<div class=""comment-star star2""></div>",不知道是不是假货，之前一直用这个牌子的重来没有过敏的现象、这次用完过敏长出了许多红疙瘩、还痒,2022-04-23 21:35:09.347,【镇定肌肤】茶树面膜,,2020-11-05 22:48,,
梦***3,PLUS会员,"<div class=""comment-star star2""></div>",面膜水份很少，敷上就显得干燥。感觉不是正品,2022-04-23 21:35:09.394,【水油平衡】茶树面膜,,2021-09-11 19:50,,
L***1,PLUS会员,"<div class=""comment-star star2""></div>",面膜是干的，没有水分，贴不了10分钟就干的变白色了，跟前几个月买的其他款差别太大，不建议购买这款,2022-04-23 21:35:09.464,【镇定祛痘】茶树面膜,,,,2020-05-04 21:32
****U,,"<div class=""comment-star star3""></div>",贴合效果：不太好，精华也很不多，适合肤质：有股茶的味道补水效果：一般不太好，也没有这个面膜该有的功效,2022-04-23 21:35:09.534,,茶树面膜,,,
磊***i,PLUS会员,"<div class=""comment-star star3""></div>",连个固定面膜的东西都没有，光溜溜的放在里面，用了这么久来评价的，感觉效果一般般，后面条纹码重新贴过，扫不出来,2022-04-23 21:35:09.593,,茶树面膜10片,,2018-06-13 23:03,
康***康,,"<div class=""comment-star star3""></div>",使用后追评一下吗丁啉，你要去哪里有没有?没有?没有?没有?没有?没有没有没啥意思,2022-04-23 21:35:09.648,【镇定肌肤】茶树面膜,,2020-11-23 13:51,,
****f,,"<div class=""comment-star star3""></div>",应该是假的，和我之前买的味道不一样，有股塑料味,2022-04-23 21:35:09.703,【水油平衡】茶树面膜,,2021-07-28 16:25,,
u***7,,"<div class=""comment-star star3""></div>",刚刚拿到手，买了四盒，其中绿色的包装是烂，只有蓝色的能扫出来，其他三盒都扫不出来，查不到真伪。也不知道是不是正品。还没有用，摸着感觉里面的精华液好少好少，包装和从韩国带回来的不同。,2022-04-23 21:35:09.763,,【缓解痘痘】茶树面膜,,,
****0,,"<div class=""comment-star star3""></div>",使用后皮肤有点痒，然后感觉拿出来的时候酒精味道有点重，不知道是不是酒精超标不敢用了,2022-04-23 21:35:09.822,茶树面膜10片,,,,
u***8,PLUS会员[试用],"<div class=""comment-star star3""></div>",东京自营就是给力，前一天下单，第二天早上就收到面膜了。面膜质量一般，一股酒精味，熏人，刚打开就扔掉了。不喜欢，不知道是不是真的。,2022-04-23 21:35:09.877,,控油战痘茶树面膜25ml*10,,2016-05-26 10:45,
大***玉,,"<div class=""comment-star star3""></div>",好像没有什么去痘印的显著效果，没有防伪码，在美迪惠尔软件上，无法测出真假,2022-04-23 21:35:10.288,,茶树面膜10片,,,
****x,,"<div class=""comment-star star3""></div>",总共买了3盒，所有的都是被拆开过的，能明显感觉是人为打开过，用完后脸上起了挺多小红疙瘩，不知道是不是因为这个面膜的问题，还是因为我最近的饮食问题。,2022-04-23 21:35:10.365,茶树面膜10片,,2017-12-14 22:23,,
v***y,,"<div class=""comment-star star3""></div>",面膜还可以，就是发现一盒10片的面膜居然只有八片，买了四盒，结果每盒都是八片，以后收到货后还是先检查一下吧，莫名其妙就少了八片面膜，就当长教训了,2022-04-23 21:35:10.410,【镇定肌肤】茶树面膜,,2020-07-08 20:34,,
N***夸,PLUS会员,"<div class=""comment-star star3""></div>",快递倒是挺快的，但是包装都破了，面膜纸特别小，感觉没有那个蓝色的好用，一直信懒京东，买化妆品都从这买，但是现在没有那么高的期望了，只希望用了不过敏啥的就行了，,2022-04-23 21:35:10.464,,茶树面膜10片,,2017-11-13 13:52,
考***子,PLUS会员,"<div class=""comment-star star2""></div>",多次买，不知道为啥这个刺鼻子，这款是第一次买，不知道你们刺鼻吗，薄荷味。感觉不是很好。,2022-04-23 21:35:10.510,茶树面膜10片,,2018-06-18 20:44,,
小***1,,"<div class=""comment-star star3""></div>",面膜纸不太好，掉絮絮，也比较厚，敷完面膜痘痘有着点点褪，不明显，出油有所减少！,2022-04-23 21:35:10.570,茶树面膜10片,,2018-08-09 21:37,,
雨***w,PLUS会员,"<div class=""comment-star star3""></div>",快递满意，就是两盒面膜中的这个盒子打开京东的包装袋就是来的，没有强撕的痕迹，很奇怪。可是另一个盒子同一个部位的胶是很严实的，希望不是被换货的。,2022-04-23 21:35:10.617,,茶树面膜10片,,2018-02-27 16:57,
躲***糕,PLUS会员,"<div class=""comment-star star2""></div>",感觉这款不咋地，撕开以后面膜都是干的，一点精华都没有，让我敷啥，,2022-04-23 21:35:10.668,【水油平衡】茶树面膜,,2021-06-15 20:44,,
****9,,"<div class=""comment-star star3""></div>",快递箱子都扁了，外箱还脏，里面没有填充物面膜拿出来盒子都扁的，**装哦！,2022-04-23 21:35:10.708,,【水油平衡】茶树面膜,,2021-08-13 07:24,
9***峰,PLUS会员,"<div class=""comment-star star3""></div>",产品质感：打折的毕竟是打折的使用感受：水太少了精华只有那么一点点适合肤质：这个……不懂明显和其他面膜对比的话补水效果：不太补，效果一般般吧贴合效果：太大了,2022-04-23 21:35:10.756,,【缓解痘痘】茶树面膜,,,
****r,PLUS会员,"<div class=""comment-star star3""></div>",跟风买的这个牌子，感觉上当了，调理油脂，收缩毛孔都是不存在的，面膜也没这能力，就是早上一片，晚上一片，也就是补水补的充足了点,2022-04-23 21:35:11.144,茶树面膜,,,,2018-12-08 22:00
大***喵,,"<div class=""comment-star star3""></div>",一般，我买的绿色的，没看出啥效果，补水也就那样吧，精华太少了,2022-04-23 21:35:11.194,【调理水油平衡】茶树面膜,,2021-01-05 13:45,,
****j,,"<div class=""comment-star star3""></div>",使用感受：精华好少，没有之前用的效果好，味道也有点淡，感觉有点水，也不知道是不是正品,2022-04-23 21:35:11.251,,【镇定肌肤】茶树面膜,,2020-09-29 16:51,
黑***g,PLUS会员,"<div class=""comment-star star3""></div>",买了3个混合的6片面膜和10片这个面膜，感觉这个不如纯补水的好用诶，没必要选茶树对痘痘作用也不大，，反正我后来靠刷壬二酸才把痘痘去掉，总之建议补水蓝色款,2022-04-23 21:35:11.307,,茶树面膜,,,
慧***i,,"<div class=""comment-star star3""></div>",看着京东评价销量买的。第一次买，昨晚用了一张。感觉面膜纸有点厚不吸收精华液少。敷了没有感觉。?可能不是很适合我吧。不会两次购买。,2022-04-23 21:35:11.377,【缓解痘痘】茶树面膜,,,,2019-12-15 17:41
阿***饼,,"<div class=""comment-star star3""></div>",包装里面都跟网上一样，但是快递员不耐烦的催促我忍了??????，拆开快递后我的面膜包装为什么会烂成这样??????,2022-04-23 21:35:11.439,,【水油平衡】茶树面膜,,2021-07-25 23:41,
糖***儿,,"<div class=""comment-star star3""></div>",补水效果：每次敷20分钟，鼻子两侧敷不到，可能是我脸盘大，效果，咋说，还行，不好不坏产品质感：包装好,2022-04-23 21:35:11.498,【镇定肌肤】茶树面膜,,2020-09-22 15:44,,
u***t,,"<div class=""comment-star star2""></div>",使用感受：不知是不是正品。精华少的可怜，刚贴在脸上都已经感觉到干了活脱脱像长湿纸巾，面膜袋里也挤不出几滴精华。不会再回购。补水效果：没有任何补水效果,2022-04-23 21:35:11.592,【缓解痘痘】茶树面膜,,,,2020-02-22 00:28
T***酱,PLUS会员,"<div class=""comment-star star2""></div>",新买的还没有使用，但是收到货，感觉不太一样。以前买的，都有封口圈，而且盒子上面有防伪二维码，但是这次买的什么都并没有。不知道是不是正品，有待商榷。后面一张是之前买的，可以对比看下。希望正品吧！！！！,2022-04-23 21:35:11.647,,【镇定肌肤】茶树面膜,,2020-08-27 00:05,
****9,PLUS会员,"<div class=""comment-star star2""></div>",现在买的和以前买的差距太大了这次买的不怎么好用尤其是那个补水的,2022-04-23 21:35:11.701,【水油平衡】茶树面膜,,2021-09-28 16:19,,
1***0,,"<div class=""comment-star star2""></div>",补水效果：补水效果一般般使用感受：面膜太小了，精华也少贴合效果：不太好，尺寸小，而且容易掉,2022-04-23 21:35:12.026,【镇定肌肤】茶树面膜,,2020-09-25 11:06,,
大***人,,"<div class=""comment-star star3""></div>",看了评论都说面膜挺好用的，但是我想问一下你们用这个面膜不小吗太小了吧，我的脸型是很小的，可是额头跟鼻子贴不到精华液也不多，本来可期待这个面膜了，现在还是有点失望,2022-04-23 21:35:12.079,茶树面膜,,,,2019-06-02 22:56
2***念,PLUS会员,"<div class=""comment-star star3""></div>",喜欢买这个品牌的面膜，但仅限绿茶的，上次自营买了混合的，竟然用过敏了。不知道是假货呢还是自身皮肤敏感，很郁闷，但是这款之前用过感觉很好，这次又蛮买了，包装什么的和图片有点不一样，卖家说是更新换代快，但东西保证原装进口？目前没有验证真伪的方法，只有商家提供的保证？有点慌，如果再过敏，真的坚决投诉了,2022-04-23 21:35:12.121,茶树面膜10片,,2017-05-11 08:05,,
z***3,PLUS会员,"<div class=""comment-star star3""></div>",跟我之前用的不大一样之前觉得精华蛮多的现在买的这个觉得精华有点少不知道真假?适合肤质：我是混油贴合效果：一般般觉得有点大,2022-04-23 21:35:12.161,【水油平衡】茶树面膜,,2021-04-18 20:15,,
两***货,,"<div class=""comment-star star2""></div>",适合肤质：不确定，痘痘肌可以用产品质感：很厚，不服帖。液体也不多使用感受：很厚，不服帖补水效果：一般贴合效果：不贴合，很厚其他特色：总的来说不好用，还没我买的69元20片的国产面膜好用,2022-04-23 21:35:12.201,【缓解痘痘】茶树面膜,,,,2019-11-20 22:35
四***2,PLUS会员,"<div class=""comment-star star3""></div>",趁活动买的，很便宜，绿色这款有点儿樟脑丸子的味道，不知道是添加的什么成分?,2022-04-23 21:35:12.248,【水油平衡】茶树面膜,,2021-07-11 19:19,,
这***鼠,,"<div class=""comment-star star2""></div>",试了一片，精华好少呀？还没到十分钟就干了，贴别的牌子取下来时候都是润润的，第一次遇到这种情况,2022-04-23 21:35:12.287,,【水油平衡】茶树面膜,,2021-08-10 13:38,
琉***释,PLUS会员,"<div class=""comment-star star3""></div>",之前一直用的水库和黑色的，茶树是种草来的。但是茶树的味道不好，真的味道又重又难闻，而且剪裁有点不合适。不建议买，也不会回购这一款。,2022-04-23 21:35:12.330,,【水油平衡】茶树面膜,,2021-06-10 23:04,
千***羽,PLUS会员,"<div class=""comment-star star3""></div>",收到的时候体验不是很好，第一是因为日期不新，第二是因为大的包装盒上面没有封口，所以就产生一些质疑，晚上运动完后用了一个，打开没有我原本以为的一一般茶树产品的茶叶清香味道，可以说没什么味道，用在脸上感觉不会很油腻，还好，但补水效果也一般，用完之后第二天脸不会太油也不会太干，总的来说，体验一般，效果平庸吧~,2022-04-23 21:35:12.384,,【镇定肌肤】茶树面膜,,2020-09-11 14:29,
****p,,"<div class=""comment-star star3""></div>",不如老版好用。首先膜纸变硬了，老版膜纸又软又薄，新版的又厚又硬。其次是精华液少了，还有就是膜纸不透气，敷在脸上感觉糊得慌。第三就是效果不好，老版敷完以后镇静效果好，痘印都变淡了，新版敷完以后完全没变化，还是大红脸。,2022-04-23 21:35:12.434,【调理水油平衡】茶树面膜,,2021-03-03 10:52,,
无***刚,PLUS会员,"<div class=""comment-star star2""></div>",包装可以去死了太次了,2022-04-23 21:35:12.823,茶树面膜10片,,2017-09-18 22:59,,
s***g,PLUS会员,"<div class=""comment-star star2""></div>",盒子都是破的，严重怀疑真伪性,2022-04-23 21:35:12.865,,茶树面膜10片,,2018-02-25 13:19,
有***o,,"<div class=""comment-star star3""></div>",京东快递包装真真真真真真的差！,2022-04-23 21:35:12.915,茶树面膜10片,,2017-11-05 14:28,,
u***h,PLUS会员,"<div class=""comment-star star3""></div>",包装非常烂，都是开包的，让人觉得emmmm,2022-04-23 21:35:12.972,,茶树面膜10片,,2017-11-08 12:52,
****c,,"<div class=""comment-star star3""></div>",感觉不是很水润包装很差,2022-04-23 21:35:13.050,茶树面膜10片,,2016-11-18 13:46,,
灸***阄,,"<div class=""comment-star star3""></div>",东西可以包装真是太烂了太影响心情,2022-04-23 21:35:13.139,,茶树面膜10片,,2017-12-24 15:23,
****i,,"<div class=""comment-star star2""></div>",面膜太小了，包装盒都斯开了,2022-04-23 21:35:13.192,茶树面膜10片,,2018-06-21 00:14,,
****a,,"<div class=""comment-star star3""></div>",包装也太随便了吧，收到货盒子都扁了,2022-04-23 21:35:13.243,茶树面膜10片,,2018-08-27 20:17,,
p***5,,"<div class=""comment-star star3""></div>",包装让人很不开心。。。底下全开了东西还没用,2022-04-23 21:35:13.298,,茶树面膜10片,,2017-10-28 14:03,
我***美,PLUS会员,"<div class=""comment-star star3""></div>",差评差评差评，气死了客服，漏发还不解决问题,2022-04-23 21:35:13.355,茶树面膜10片,,2018-09-03 12:19,,
****k,,"<div class=""comment-star star3""></div>",差评，虽然以前在京东买过，到这次包装不好，像拆了,2022-04-23 21:35:13.973,,茶树面膜10片,,2018-06-10 18:08,
u***g,,"<div class=""comment-star star3""></div>",精华太少了面膜干干的,2022-04-23 21:35:14.036,【镇定祛痘】茶树面膜,,,,2020-04-23 23:12
c***u,,"<div class=""comment-star star2""></div>",呵呵，假的面膜有假给我个解释,2022-04-23 21:35:14.080,茶树面膜10片,,2016-08-25 10:16,,
****q,,"<div class=""comment-star star3""></div>",酒精味很重，包装有被拆开的痕迹，不开心,2022-04-23 21:35:14.126,茶树面膜10片,,,,
u***1,,"<div class=""comment-star star3""></div>",额(⊙o⊙)…包装太差了，盒子坏了，给人第一感觉就很差。,2022-04-23 21:35:14.162,茶树面膜10片,,2017-11-16 19:43,,
****y,PLUS会员,"<div class=""comment-star star2""></div>",敷完油的一塌糊涂，一点都不清爽,2022-04-23 21:35:14.201,茶树面膜10片,,2016-09-11 21:56,,
夕***4,PLUS会员,"<div class=""comment-star star3""></div>",面膜纸太厚，不服帖，一分钱一分货,2022-04-23 21:35:14.249,【缓解痘痘】茶树面膜,,,,2019-10-29 09:22
****2,PLUS会员,"<div class=""comment-star star2""></div>",效果几乎看不见，反而变多了，搞得我很惆怅。,2022-04-23 21:35:14.285,茶树面膜10片,,2017-06-22 19:16,,
****r,,"<div class=""comment-star star2""></div>",精华太少，不去蓝皮的精华多,2022-04-23 21:35:14.327,【缓解痘痘】茶树面膜,,,,2020-03-26 14:26
****c,,"<div class=""comment-star star3""></div>",还没用不知道是不是正货，包装盒被拆过了有点失望！,2022-04-23 21:35:14.384,,控油战痘茶树面膜25ml*10,,2016-05-20 22:02,
****j,,"<div class=""comment-star star2""></div>",是假货，脸上起了很多包，下次再也不买了,2022-04-23 21:35:14.800,茶树面膜10片,,2018-06-10 17:48,,
****f,,"<div class=""comment-star star3""></div>",精华液太少了，干巴巴的,2022-04-23 21:35:14.849,【调理水油平衡】茶树面膜,,2021-02-23 09:54,,
Y***豬,,"<div class=""comment-star star2""></div>",快递很给力，但是包装破损严重，太气人了，烦烦烦烦烦,2022-04-23 21:35:14.900,,【缓解痘痘】茶树面膜,,,
阿***年,PLUS会员,"<div class=""comment-star star2""></div>",京东现在包装也无法信任了。像是旧的,2022-04-23 21:35:14.949,,【镇定肌肤】茶树面膜,,2020-07-24 23:05,
s***v,PLUS会员,"<div class=""comment-star star2""></div>",第一次在京东买，过敏了，不会再买。,2022-04-23 21:35:15.009,【调理水油平衡】茶树面膜,,2021-02-09 09:13,,
R***w,,"<div class=""comment-star star2""></div>",过敏啊我根本用不了，用完了脸全红了,2022-04-23 21:35:15.085,茶树面膜10片,,2016-09-08 21:17,,
****k,,"<div class=""comment-star star2""></div>",感觉有问题，其中一片很干没水,2022-04-23 21:35:15.138,【镇定肌肤】茶树面膜,,2020-09-19 22:51,,
****6,,"<div class=""comment-star star2""></div>",和我在超市买的不一样，纸张特别薄，感觉买到假货了。,2022-04-23 21:35:15.190,茶树面膜10片,,2018-02-12 13:55,,
莲***i,,"<div class=""comment-star star3""></div>",不好用，水很少，6.7分钟就干了,2022-04-23 21:35:15.242,【镇定祛痘】茶树面膜,,,,2020-05-07 00:53
q***9,,"<div class=""comment-star star2""></div>",拿到手包装盒是打开的，面膜精华液很少,2022-04-23 21:35:15.306,【镇定肌肤】茶树面膜,,2020-11-12 23:48,,
u***c,,"<div class=""comment-star star2""></div>",不要再上京东了，品质差，送货慢，体验超级差，很差，很差。,2022-04-23 21:35:15.695,茶树面膜,,,,2019-06-01 19:50
****3,,"<div class=""comment-star star2""></div>",气味怪怪的，精华很少，不知道是不是正品,2022-04-23 21:35:15.744,茶树面膜,,,,2019-09-30 19:26
****s,PLUS会员,"<div class=""comment-star star2""></div>",盒子怎么没有密封，买过很多次，第一次遇到这种情况？？？,2022-04-23 21:35:15.793,【镇定肌肤】茶树面膜,,2020-11-29 23:36,,
u***w,PLUS会员,"<div class=""comment-star star3""></div>",包装太简陋了，本来购买送人的。结果盒子压的稀烂。很是无语。希望下次改进,2022-04-23 21:35:15.825,茶树面膜,,,,2018-11-19 21:54
u***8,,"<div class=""comment-star star2""></div>",假的，外包装就很假了。。。,2022-04-23 21:35:15.873,茶树面膜10片,,,,
w***8,,"<div class=""comment-star star3""></div>",绿色的这款精华液也太少了吧，干干的,2022-04-23 21:35:15.909,【镇定肌肤】茶树面膜,,2020-09-14 21:21,,
橘***栀,PLUS会员,"<div class=""comment-star star3""></div>",京东这个价格真是离谱，天天变，买时候99。200?100。现在又125了,2022-04-23 21:35:15.952,控油战痘茶树面膜25ml*10,,2016-06-13 11:21,,
h***4,PLUS会员,"<div class=""comment-star star3""></div>",味道很奇怪的面膜，可能是不太习惯茶树的味道,2022-04-23 21:35:15.991,茶树面膜10片,,,,
****m,,"<div class=""comment-star star2""></div>",之前一直买京东超市的这次没有发票就不说了药味还很重,2022-04-23 21:35:16.070,茶树面膜10片,,2017-07-28 21:27,,
姜***噢,PLUS会员,"<div class=""comment-star star2""></div>",无力吐槽，跟其他面膜相比，纸张太糙了，不想正品,2022-04-23 21:35:16.135,茶树面膜10片,,2016-10-04 18:55,,
神***爷,,"<div class=""comment-star star2""></div>",一打开快递盒还有三张广告单，什么鬼？面膜效果后期在说吧！,2022-04-23 21:35:16.552,茶树面膜10片,,2017-09-02 13:10,,
g***y,,"<div class=""comment-star star3""></div>",面膜纸太厚，精华太少，使用效果有待观察。,2022-04-23 21:35:16.603,茶树面膜10片,,2018-07-03 19:53,,
****q,,"<div class=""comment-star star2""></div>",包装的太差劲，盒子都变形了，面膜都跑出来了，像是地摊货～,2022-04-23 21:35:16.655,茶树面膜10片,,2018-06-16 18:41,,
****E,,"<div class=""comment-star star2""></div>",包装太差了吧都给开了裂了,2022-04-23 21:35:16.713,【镇定舒缓】茶树面膜,,2021-11-15 18:50,,
D***姐,,"<div class=""comment-star star2""></div>",太不服帖了，差劲要死,2022-04-23 21:35:16.765,【镇定肌肤】茶树面膜,,2020-07-03 19:40,,
a***i,,"<div class=""comment-star star2""></div>",刚到就降价了，无语，,2022-04-23 21:35:16.818,【镇定肌肤】茶树面膜,,2020-11-08 20:43,,
u***a,,"<div class=""comment-star star2""></div>",我想京东客服解释一下为什么我的茶树面膜内包装请勿拆封封条是已经被拆封了，就算压到也不至于里面产品的包装烂了，让人很失望,2022-04-23 21:35:16.874,控油战痘茶树面膜25ml*10,,2016-06-19 20:12,,
潘***霖,,"<div class=""comment-star star3""></div>",双十二活动买的，两盒，真假混合，一真一假难怪这么便宜，换了一次货还是换的假的，懒得换了，好评给的京东的售后速度。,2022-04-23 21:35:16.928,茶树面膜10片,,2017-12-12 16:21,,
彼***落,PLUS会员,"<div class=""comment-star star3""></div>",收到时包装破损了且有被拆开，发货时还是要检查好，对客户体验满意很差,2022-04-23 21:35:16.984,茶树面膜10片,,,,
****s,,"<div class=""comment-star star3""></div>",精华液太少了。面膜纸取出后，袋子里面几乎一点都没有,2022-04-23 21:35:17.053,【缓解痘痘】茶树面膜,,,,2019-12-15 20:00
彤***-,,"<div class=""comment-star star2""></div>",这包装还能在次一点吗？直接就是开的，外面连个封皮都没有吗？不不会再买了,2022-04-23 21:35:17.479,,茶树面膜10片,,2018-01-10 19:13,
高***克,,"<div class=""comment-star star2""></div>",经常买3盒，这次的茶树的明显被人打开过，开口都烂了，俩个都被打开过，很烦！,2022-04-23 21:35:17.522,,【镇定肌肤】茶树面膜,,2020-07-18 15:27,
****P,,"<div class=""comment-star star3""></div>",产品还没有用，但是，绝对不会再买第二次了,2022-04-23 21:35:17.572,【水油平衡】茶树面膜,,2021-08-27 20:50,,
蓝***子,PLUS会员,"<div class=""comment-star star3""></div>",用完之后脸居然干干的一直是紧绷的感觉鼻子下面更严重,2022-04-23 21:35:17.627,茶树面膜,,,,2019-04-11 11:51
b***t,PLUS会员,"<div class=""comment-star star2""></div>",为什么京东包装现在这么不用心，拿回来真的就是很多评论里说的包装破损状态，盒子都开了，我是不是买到了假货。。。京东现在是只有速度还能被夸了么，这几次购物体验都不好,2022-04-23 21:35:17.669,茶树面膜10片,,2018-07-30 06:36,,
y***g,PLUS会员,"<div class=""comment-star star3""></div>",寄来时盒子都破了，买了两盒，两盒全都开口了，买的蓝盒的面膜就好好的，说明在他们仓库里的时候就不大好了，路上运输，直接散了架了。搞活动买了两盒，结果现在买还送赠品，急急慌慌的买早了。结果现在也过了保价的时间了,2022-04-23 21:35:17.705,,【镇定祛痘】茶树面膜,,,
****y,,"<div class=""comment-star star2""></div>",味道洁厕精的味道，太刺鼻了,2022-04-23 21:35:17.750,【水油平衡】茶树面膜,,2021-07-01 01:41,,
****1,,"<div class=""comment-star star2""></div>",补水效果：不好精华太少了使用感受：用脸上太干了贴合效果：不是很好,2022-04-23 21:35:17.795,【缓解痘痘】茶树面膜,,,,2019-11-19 18:23
****e,PLUS会员,"<div class=""comment-star star3""></div>",发货速度超快的，包装盒跟之前店里买的不一样，而且盒子发来都是破的，就不知道效果如何了,2022-04-23 21:35:17.835,茶树面膜10片,,2018-04-24 15:48,,
****q,,"<div class=""comment-star star2""></div>",一打开就这种，太不负责了吧，箱子也是压的扁扁的，还没用，不知道效果好不好,2022-04-23 21:35:17.883,,茶树面膜,,,
帅***魏,PLUS会员,"<div class=""comment-star star3""></div>",京东的服务绝对没毛病质量也很OK我想说的就是快递的包装太随意了，细节决定成败，这一块东子需要着重把控一下了,2022-04-23 21:35:18.387,【缓解痘痘】茶树面膜,,,,2019-11-12 23:40
一***喵,,"<div class=""comment-star star2""></div>",超级难用用完跟没用一样没有蓝盒的好用,2022-04-23 21:35:18.432,【水油平衡】茶树面膜,,2021-06-03 06:51,,
旺***f,,"<div class=""comment-star star2""></div>",盒子分明就是被打开过的，而且快递显示预计6月20日送达，等了老半天就是不派送，还是21号晚上送过来的，真的太失望了，在京东买过很多东西了，第一次给差评！,2022-04-23 21:35:18.486,【镇定肌肤】茶树面膜,,2020-06-21 21:14,,
7***科,PLUS会员,"<div class=""comment-star star2""></div>",包装太差劲了，就用个塑料袋包装的，里面装的东西看的清清楚楚，面膜的盒子都烂成什么样了，还怎么送人？,2022-04-23 21:35:18.549,茶树面膜10片,,2016-10-13 22:17,,
L***糖,,"<div class=""comment-star star2""></div>",真的不想多说，京东就这样包装的么？居然是用袋子！破成这样，就是听说京东好才来买的，居然是这样的包装，一点都不贴心，很是无语,2022-04-23 21:35:18.642,茶树面膜10片,,2016-09-28 13:46,,
-***6,,"<div class=""comment-star star3""></div>",面膜布很粗糙，不好用。,2022-04-23 21:35:18.695,【水油平衡】茶树面膜,,2021-06-03 21:31,,
u***c,,"<div class=""comment-star star2""></div>",精华非常少，而且包装是烂的，拿胶带贴上的，很无语,2022-04-23 21:35:18.743,【镇定肌肤】茶树面膜,,2020-06-18 23:56,,
二***源,,"<div class=""comment-star star3""></div>",感觉很鸡肋，这款面膜不怎么好用，本来是想祛痘的，结果反而更红,2022-04-23 21:35:18.814,茶树面膜10片,,2016-10-12 18:12,,
Z***彭,PLUS会员,"<div class=""comment-star star3""></div>",没有过这么不好用的面膜，勉强给个三星。一点都不水润，也不好吸收。,2022-04-23 21:35:18.862,茶树面膜10片,,2017-11-23 14:15,,
方***超,,"<div class=""comment-star star2""></div>",面膜外包装盒封口跟打开过是的有点脏，蓝色的那款日期居然是2018年生产的京东自营就这，垃圾玩意再也不在京东买面膜了，尤其自营的,2022-04-23 21:35:18.931,【镇定肌肤】茶树面膜,,2020-11-14 18:04,,
u***j,,"<div class=""comment-star star2""></div>",不好，很刺激，打开直接一股酒精味，拿还有舒缓的作用，开玩笑吧,2022-04-23 21:35:19.377,茶树面膜10片,,,,
M***8,,"<div class=""comment-star star2""></div>",卖家太“节俭”了，就让物流用一层袋子装入邮寄出去了，到货后包装全碎，没有一个好的。此等散漫态度不像一个旗舰店的做派，怀疑商品真伪。,2022-04-23 21:35:19.427,,【镇定肌肤】茶树面膜,,2020-06-09 10:36,
****c,,"<div class=""comment-star star2""></div>",产品就像被使用过一样！包装盒破损！还没贴标！是刚塞进去就发出来的货吗？是在砸京东的牌子吗？,2022-04-23 21:35:19.473,,【镇定肌肤】茶树面膜,,2020-10-21 12:59,
军***8,,"<div class=""comment-star star2""></div>",一点都不好用、大品牌的就这样？面膜片大小不均匀、感觉也不补水、,2022-04-23 21:35:19.518,茶树面膜,,,,2019-02-02 11:24
V***3,PLUS会员,"<div class=""comment-star star3""></div>",你们连个盒子都没有吗？用袋子装是什么意思啊。盒子都给我挤烂了，体验感太差了。,2022-04-23 21:35:19.580,,【水油平衡】茶树面膜,,2021-06-02 19:43,
彭***8,PLUS会员,"<div class=""comment-star star3""></div>",这款面膜虽说是韩国的，效果真心一般，水份也不是特别充足，只能说认牌子的人喜欢。,2022-04-23 21:35:19.624,【水油平衡】茶树面膜,,2021-06-16 12:51,,
w***a,PLUS会员,"<div class=""comment-star star3""></div>",第一次用这个牌子，粉色，黄色，绿色包装的没有封口，很不靠谱，不知真假,2022-04-23 21:35:19.665,【缓解痘痘】茶树面膜,,,,2020-01-31 16:20
l***9,,"<div class=""comment-star star3""></div>",基本可以确定是假的了，和前几次买的都不一样，细节很多不一样，味道也不一样,2022-04-23 21:35:19.709,【镇定肌肤】茶树面膜,,2020-09-14 22:20,,
白***生,,"<div class=""comment-star star3""></div>",这个面膜精华特别少，还没贴十分钟就干了,2022-04-23 21:35:19.753,【水油平衡】茶树面膜,,2021-07-21 21:32,,
L***d,,"<div class=""comment-star star3""></div>",精华液很少和之前在某云的宝家购买的不一样，敷了之后补水效果很一般,2022-04-23 21:35:19.802,【镇定肌肤】茶树面膜,,2020-10-01 12:55,,
萧***心,,"<div class=""comment-star star3""></div>",再也不想到京东全球购买东西了，一点保障都没有，用了过敏，和在*不一样，是不是正品有待商榷,2022-04-23 21:35:20.329,茶树面膜10片,,2016-07-29 18:06,,
b***e,,"<div class=""comment-star star2""></div>",产品质感：超级无敌差使用感受：一点都不好，不如买一次性面膜泡自来水敷好了适合肤质：根本用不了补水效果：差到爆贴合效果：没效果,2022-04-23 21:35:20.388,,【镇定肌肤】茶树面膜,,2020-11-27 22:46,
车***女,,"<div class=""comment-star star2""></div>",用完居然过敏了脸很红很烫第一次敷完面膜这样以前没用过这个牌子不知是不适合自己还是是假的很失望?,2022-04-23 21:35:20.453,茶树面膜10片,,2016-12-20 14:13,,
向***秋,,"<div class=""comment-star star3""></div>",面膜都没有密封的塑料膜不知道你们买的有没有，而且包装盒就像打开了一样，可是客服说美迪惠尔的没有密封膜，正品应该是正品吧！还是相信京东的！,2022-04-23 21:35:20.508,,茶树面膜10片,,2016-12-14 17:42,
赞***i,PLUS会员,"<div class=""comment-star star3""></div>",黄色好用些，对于大脸来说纸太小，特别鼻子那里，不会回购，有一盒京东自己封口，不知道是不是正品……,2022-04-23 21:35:20.569,茶树面膜10片,,2017-11-10 02:55,,
今***了,PLUS会员,"<div class=""comment-star star3""></div>","很便宜，蝴蝶节打折以后比韩国买都便宜233,二维码扫出来的是玲肤上海化妆品公司，不知道这个什么鬼？谁知道这是不是真的？",2022-04-23 21:35:20.622,,茶树面膜10片,,,
宇***O,,"<div class=""comment-star star3""></div>",说句实话，我用了好多天了，然而，确实，真的，没有任何变化，可能是我个人问题，反正真的是，该起痘还起痘，没变好也没变坏，哎…,2022-04-23 21:35:20.678,茶树面膜10片,,2016-10-15 21:20,,
a***i,,"<div class=""comment-star star2""></div>",和韩国带回来的完全不一样，面膜纸的做工真的不想评价了，做工粗糙的面膜纸，敷过之后没有清爽的感觉。下回出国一定自己多带一些。京东也不靠谱啊。两星全给超级超级好的快递哥哥。商品零星。,2022-04-23 21:35:20.729,茶树面膜10片,,2016-11-22 12:42,,
b***5,,"<div class=""comment-star star3""></div>",之前的产品，每袋是25ML，现在拿到的居然是24ML，实在辨别不了真假呀。上面写是换包装了，升级了之类的，真的吗？不确定啊。包装变没关系，里面的内容也在变，真的，那种感觉很诡异呀。,2022-04-23 21:35:20.802,茶树面膜10片,,2017-07-21 09:50,,
晓***郎,PLUS会员,"<div class=""comment-star star2""></div>",第一次给差评，因为里面打开，没有什么精华，贴在脸上都感觉干了，上当受骗，存放时间太久，水分蒸发了感觉,2022-04-23 21:35:20.860,,【缓解痘痘】茶树面膜,,,
b***5,,"<div class=""comment-star star3""></div>",面膜我们分不了真假，而且两次买的品质感觉不一样啊，薄厚不一，我想问东西是真吗？还好不过敏，只是用完感觉脸更黑了。?,2022-04-23 21:35:21.276,茶树面膜10片,,2017-05-27 08:17,,
a***-,,"<div class=""comment-star star2""></div>",面膜连个封贴都没有，刚开始寄来破破烂烂选择换货也没什么改观非常失望！昨天用了一贴精华特少，我是不是买假了我也不确定！,2022-04-23 21:35:21.321,,【缓解痘痘】茶树面膜,,,
****4,,"<div class=""comment-star star3""></div>",面膜纸特别薄，精华不多，很容易就干了，感觉活动买的是快过期的，精华都蒸发了补水效果一般,2022-04-23 21:35:21.367,【缓解痘痘】茶树面膜,,,,2020-03-20 12:52
吊***子,,"<div class=""comment-star star2""></div>",一股子发霉的味道。跟我以前用的味道不一样。便宜买的??199减100。味道太不好问了。呛鼻子。,2022-04-23 21:35:21.409,茶树面膜10片,,2017-06-17 04:00,,
****X,,"<div class=""comment-star star2""></div>",严重怀疑面膜是假的，打开里面面膜都是干的，没有精华，,2022-04-23 21:35:21.453,【水油平衡】茶树面膜,,2021-08-09 22:14,,
1***p,,"<div class=""comment-star star2""></div>",补水效果：一般没有什么水份产品质感：用后脸上没什么效果，而且面膜很厚，精华液很少,2022-04-23 21:35:21.510,【缓解痘痘】茶树面膜,,,,2020-02-14 21:20
****P,,"<div class=""comment-star star3""></div>",感觉和在店里买的不一样，包装也要比在店里买的小精华也特别特别少，面膜纸特别干，都没什么精华。一般是不评论的，就是相信京东才买的，但是有点失望。,2022-04-23 21:35:21.559,【镇定肌肤】茶树面膜,,2020-06-21 19:13,,
****c,,"<div class=""comment-star star3""></div>",还没用，之前用过这个牌子的面膜，觉得还比较舒服，希望这个也好用。快递员态度很差！只送到楼下，打电话说叫我去拿，我说估计要等几分钟，我马上下去，下去了之后，找半天没看到他人，还等了他一会儿，然后没等到，我回来打电话给他，他说他走了，呵呵，到底是我给他送快递，还是他给我送啊！,2022-04-23 21:35:21.611,茶树面膜10片,,2018-07-16 14:01,,
b***5,,"<div class=""comment-star star2""></div>",面膜我们分不了真假，但是膜特别厚，而且两次买的品质感觉不一样啊，薄厚不一，我想问东西是真吗？还好不过敏，只是用完感觉脸更黑了。?,2022-04-23 21:35:21.650,茶树面膜10片,,2017-05-27 08:16,,
u***o,PLUS会员,"<div class=""comment-star star2""></div>",严重怀疑是假的第一片面膜还好第二片面膜嘴型完全不行嘴唇上边面膜细成一条线原本下巴的位置差不多去到下颚品控差不说了主要效果也没什么很一般很一般补水不见得油脂平衡也没多大作用还有比蓝色包装的面膜薄很多,2022-04-23 21:35:21.707,茶树面膜10片,,2016-12-20 14:53,,
1***p,,"<div class=""comment-star star2""></div>",不满意，精华液非常少，刚打开贴脸上就感觉有点干没啥水分，袋子里也没剩什么，感觉非常不满意！京东的包装真是烂透了，寄过来盒子都破了！快递员都说不行拒收吧。真是服了，失望透顶！倒是不含荧光剂，这方面还行！,2022-04-23 21:35:22.117,,【缓解痘痘】茶树面膜,,,
****n,PLUS会员,"<div class=""comment-star star2""></div>",买了三盒，有一盒是盖子打开了的，就像图里的那样，我发誓不是自己打开的，拆开就是这样的。还有一盒是盖子没打开但是封口的地方打开了，只有一盒完整的，太生气了！本来觉得这个面膜好用才买的，现在有点怀疑是不是正品了！,2022-04-23 21:35:22.176,,【镇定肌肤】茶树面膜,,2020-08-12 09:16,
王***4,PLUS会员,"<div class=""comment-star star2""></div>",同一家店买到不同品质的面膜，上次购买的的面膜精华多而且面膜特别贴合，这次又购买同类面膜竟然使用感受不一样，面膜纸裁剪粗糙，尤其是眼部特别大，而且面膜不贴合，精华液特别粘手，不得不怀疑是真假混着卖,2022-04-23 21:35:22.237,【缓解痘痘】茶树面膜,,,,2020-03-31 21:18
可***真,PLUS会员,"<div class=""comment-star star3""></div>",无功无过的一款面膜吧，说是调理痘肌呢，我用了4、5盒没发现什么有什么作用，就感觉是当补水面膜来用了，而且一度我用这个面膜加科颜氏的金盏花水，脸上爆了更多痘痘，反正感觉对于痘肌没什么作用。,2022-04-23 21:35:22.295,茶树面膜,,,,2019-03-09 22:38
网***哥,,"<div class=""comment-star star3""></div>",我这个大脸很适合能贴满！！！但是精华液好少，感觉没有一样？？？？谁来给我解答一下，感觉就是个干巴巴的纸，贴在脸上！！！！精华液多的太黏不好，这个感觉就给没有了呢，这是值得吐槽的一点，应该弄30毫升的精华液,2022-04-23 21:35:22.362,,【镇定肌肤】茶树面膜,,2020-10-07 20:42,
****7,,"<div class=""comment-star star3""></div>",产品质感：手感很厚的面膜特别厚重使用感受：有点干适合肤质：任何吧？不知道补水效果：一般、没感觉多补贴合效果：十分钟之后面膜干起皮了其他特色：无我不知道是不是买了假货，第一次敷到面膜干了，其他面膜以前从来没有。,2022-04-23 21:35:22.420,【镇定肌肤】茶树面膜,,2020-10-29 22:04,,
****t,PLUS会员,"<div class=""comment-star star2""></div>",一点也不好用，特别干，用了没什么效果，也不补湿，而且眼睛的位置特别大，面膜设计不合理，不符合脸型的，没有以前没的好用，还没来三盒，不知道怎样消化。,2022-04-23 21:35:22.486,,【水油平衡】茶树面膜,,2021-08-26 09:13,
f***N,PLUS会员,"<div class=""comment-star star3""></div>",适合肤质：还可以经常用,2022-04-23 21:35:22.546,茶树面膜,,,,2019-09-18 06:17
****2,PLUS会员,"<div class=""comment-star star3""></div>",东西有点简陋，不知是真是假,2022-04-23 21:35:22.603,茶树面膜10片,,2016-09-15 10:55,,
牛***曹,PLUS会员,"<div class=""comment-star star3""></div>",打开这样的，不会是假的吧,2022-04-23 21:35:22.701,,茶树面膜,,,
隔***爷,,"<div class=""comment-star star3""></div>",一般一般一般一般一般一般,2022-04-23 21:35:23.122,茶树面膜10片,,2017-04-29 07:20,,
l***2,,"<div class=""comment-star star3""></div>",补水效果：一般产品质感：一般,2022-04-23 21:35:23.176,【缓解痘痘】茶树面膜,,,,2019-11-08 13:42
爱***晓,PLUS会员,"<div class=""comment-star star3""></div>",还行擦擦擦擦擦擦吧擦擦擦擦擦擦,2022-04-23 21:35:23.223,茶树面膜10片,,2016-10-08 17:44,,
****d,,"<div class=""comment-star star2""></div>",真的一点作用都没有，还有点刺激，差评,2022-04-23 21:35:23.267,,茶树面膜10片,,2016-12-24 17:32,
u***k,,"<div class=""comment-star star3""></div>",一般一般一般一般一般一般一般一般,2022-04-23 21:35:23.307,茶树面膜10片,,2017-06-04 19:10,,
u***d,,"<div class=""comment-star star3""></div>",一般般吧，凑合，就那样吧。,2022-04-23 21:35:23.350,【缓解痘痘】茶树面膜,,,,2020-02-22 17:52
富***女,,"<div class=""comment-star star2""></div>",贴合效果：好厚，一点都不服帖,2022-04-23 21:35:23.402,【镇定肌肤】茶树面膜,,2020-06-12 09:33,,
*****,,"<div class=""comment-star star3""></div>",不知道为什么，我用完之后长了个痘(?¯???¯??),2022-04-23 21:35:23.447,【缓解痘痘】茶树面膜,,,,2020-04-12 12:41
****j,,"<div class=""comment-star star3""></div>",使用感受：精华太少，效果一般,2022-04-23 21:35:23.492,【镇定肌肤】茶树面膜,,2020-09-08 21:33,,
x***8,PLUS会员,"<div class=""comment-star star2""></div>",这个不知道真假，貌似和朋友从国外带回来的不一样！,2022-04-23 21:35:23.548,,茶树面膜10片,,2018-04-01 13:30,
无***海,PLUS会员,"<div class=""comment-star star3""></div>",女朋友挺喜欢的。不过面膜太小了。,2022-04-23 21:35:23.958,茶树面膜10片,,2016-11-06 14:40,,
日***曌,,"<div class=""comment-star star3""></div>",无功无过就是完美！重在维稳！不错不错……,2022-04-23 21:35:24.003,,【镇定肌肤】茶树面膜,,2020-08-27 07:04,
u***c,,"<div class=""comment-star star2""></div>",失望，套装勿拆，一打开包裹发现就被拆了！京东啊！怎么可以这样！,2022-04-23 21:35:24.070,,茶树面膜10片,,2017-12-10 13:45,
****1,,"<div class=""comment-star star2""></div>",第一次在这里买东西，可惜收到的时候是这个样子，都扁了，差评,2022-04-23 21:35:24.143,,茶树面膜10片,,2018-08-29 00:56,
M***n,,"<div class=""comment-star star3""></div>",物流倒是挺快的，东西用了痒痒的。,2022-04-23 21:35:24.204,茶树面膜10片,,2018-02-25 16:40,,
B***5,PLUS会员,"<div class=""comment-star star3""></div>",真的不如国外的,2022-04-23 21:35:24.260,控油战痘茶树面膜25ml*10,,2016-06-12 17:03,,
l***2,,"<div class=""comment-star star3""></div>",有一股涼嗖嗖的感覺,2022-04-23 21:35:24.310,控油战痘茶树面膜25ml*10,,2016-07-01 22:39,,
s***7,,"<div class=""comment-star star3""></div>",有点刺激，有点腻,2022-04-23 21:35:24.364,茶树面膜10片,,2016-09-18 22:19,,
g***e,,"<div class=""comment-star star3""></div>",这包装我也是无语了,2022-04-23 21:35:24.431,,茶树面膜10片,,2016-11-12 18:31,
****x,,"<div class=""comment-star star3""></div>",用了一片，感觉一般,2022-04-23 21:35:24.493,茶树面膜10片,,2016-11-12 09:29,,
c***业,,"<div class=""comment-star star3""></div>",感觉没有那么好用,2022-04-23 21:35:24.902,,茶树面膜10片,,,
****m,,"<div class=""comment-star star2""></div>",没有精华液，干的很,2022-04-23 21:35:24.951,茶树面膜10片,,2017-05-14 23:30,,
****c,,"<div class=""comment-star star3""></div>",有刺鼻的味道没再用,2022-04-23 21:35:24.992,茶树面膜10片,,2017-05-21 17:46,,
t***芜,,"<div class=""comment-star star3""></div>",外表装有些破损,2022-04-23 21:35:25.044,茶树面膜10片,,2017-06-19 09:31,,
d***A,,"<div class=""comment-star star3""></div>",名字我现在我现在,2022-04-23 21:35:25.093,茶树面膜10片,,2017-08-18 20:07,,
我***t,PLUS会员,"<div class=""comment-star star3""></div>",盒子都压变形了,2022-04-23 21:35:25.134,茶树面膜10片,,2017-10-13 18:49,,
****年,PLUS会员,"<div class=""comment-star star3""></div>",这一款感觉一般,2022-04-23 21:35:25.176,茶树面膜10片,,2017-10-30 00:32,,
****y,,"<div class=""comment-star star3""></div>",还没用。过后在看,2022-04-23 21:35:25.233,茶树面膜10片,,2017-11-10 21:09,,
u***h,,"<div class=""comment-star star3""></div>",还没用不知道怎样,2022-04-23 21:35:25.276,,茶树面膜10片,,2017-12-12 17:26,
****5,PLUS会员,"<div class=""comment-star star2""></div>",一般般吧，一般般吧，,2022-04-23 21:35:25.320,茶树面膜10片,,2017-12-16 22:54,,
l***星,,"<div class=""comment-star star3""></div>",这个压坏了，包装差,2022-04-23 21:35:25.847,茶树面膜10片,,2018-03-24 16:02,,
****0,PLUS会员,"<div class=""comment-star star3""></div>",我用的有点过敏,2022-04-23 21:35:25.891,茶树面膜10片,,2018-04-16 14:14,,
u***h,,"<div class=""comment-star star3""></div>",祛痘效果不是很好,2022-04-23 21:35:25.944,茶树面膜10片,,2018-05-02 19:25,,
顾***自,,"<div class=""comment-star star2""></div>",都被拆开了，怎么回事？,2022-04-23 21:35:25.998,,茶树面膜10片,,2018-06-22 07:44,
霍***x,,"<div class=""comment-star star3""></div>",女朋友说还可以吧,2022-04-23 21:35:26.093,茶树面膜10片,,2018-07-24 15:36,,
没***儿,,"<div class=""comment-star star3""></div>",这个还算好一点,2022-04-23 21:35:26.141,,茶树面膜10片,,2018-07-27 19:30,
木***华,,"<div class=""comment-star star3""></div>",一天一片，天天敷,2022-04-23 21:35:26.189,,茶树面膜,,,
****w,,"<div class=""comment-star star3""></div>",条纹码怎么搜不到？,2022-04-23 21:35:26.241,茶树面膜,,,,2019-03-07 19:11
x***0,,"<div class=""comment-star star3""></div>",感觉有个酒精味,2022-04-23 21:35:26.318,茶树面膜,,,,2019-04-03 00:03
J***I,,"<div class=""comment-star star3""></div>",还不错吧，大众面膜,2022-04-23 21:35:26.376,茶树面膜,,,,2019-06-04 12:36
-***a,,"<div class=""comment-star star2""></div>",使用感受：不太好,2022-04-23 21:35:26.793,,【缓解痘痘】茶树面膜,,,
x***1,,"<div class=""comment-star star2""></div>",面膜纸好厚好厚，不吸收,2022-04-23 21:35:26.855,茶树面膜10片,,2017-11-25 19:52,,
****7,,"<div class=""comment-star star3""></div>",女朋友话一般般,2022-04-23 21:35:26.904,【缓解痘痘】茶树面膜,,,,2019-12-23 11:29
****p,,"<div class=""comment-star star3""></div>",用着很一般不怎么样,2022-04-23 21:35:26.955,【缓解痘痘】茶树面膜,,,,2020-02-15 11:42
小***天,,"<div class=""comment-star star3""></div>",没感觉有啥效果,2022-04-23 21:35:26.996,【缓解痘痘】茶树面膜,,,,2020-02-17 11:26
梦***哒,,"<div class=""comment-star star3""></div>",盒子坏了。。不爱了,2022-04-23 21:35:27.043,,【缓解痘痘】茶树面膜,,,
****m,,"<div class=""comment-star star3""></div>",感觉精华少，一般,2022-04-23 21:35:27.089,【缓解痘痘】茶树面膜,,,,2020-03-04 23:39
独***迩,PLUS会员,"<div class=""comment-star star3""></div>",感觉不是很好用。,2022-04-23 21:35:27.128,【缓解痘痘】茶树面膜,,,,2020-03-19 02:05
****5,,"<div class=""comment-star star2""></div>",一般般不咋好用,2022-04-23 21:35:27.168,【镇定祛痘】茶树面膜,,,,2020-05-13 01:14
****1,,"<div class=""comment-star star3""></div>",补水效果：一般般,2022-04-23 21:35:27.236,【镇定祛痘】茶树面膜,,,,2020-06-02 08:48
****3,,"<div class=""comment-star star3""></div>",还有些面膜里面没有面膜，都是精华,2022-04-23 21:35:27.641,茶树面膜,,,,2019-06-13 22:58
****4,PLUS会员,"<div class=""comment-star star2""></div>",不好，和商店买的完全不一样,2022-04-23 21:35:27.689,【水油平衡】茶树面膜,,2021-07-08 16:14,,
****u,,"<div class=""comment-star star3""></div>",用了一片感觉一般,2022-04-23 21:35:27.743,【镇定肌肤】茶树面膜,,2020-07-31 00:12,,
8***c,,"<div class=""comment-star star2""></div>",差差差各方面都不好,2022-04-23 21:35:27.791,【镇定肌肤】茶树面膜,,2020-08-28 08:49,,
****c,,"<div class=""comment-star star3""></div>",面膜有破损外包装,2022-04-23 21:35:27.845,【镇定肌肤】茶树面膜,,2020-09-08 20:00,,
你***的,,"<div class=""comment-star star2""></div>",没有什么精华比较干,2022-04-23 21:35:27.901,【镇定肌肤】茶树面膜,,2020-09-09 13:32,,
唐***9,,"<div class=""comment-star star2""></div>",我用了后脸有点痒,2022-04-23 21:35:27.962,【镇定肌肤】茶树面膜,,2020-09-11 22:31,,
风***花,,"<div class=""comment-star star2""></div>",没感觉出哪里控油的,2022-04-23 21:35:28.023,【镇定肌肤】茶树面膜,,2020-10-11 09:32,,
****g,,"<div class=""comment-star star3""></div>",补水效果一般般,2022-04-23 21:35:28.081,【镇定肌肤】茶树面膜,,2020-11-15 16:47,,
s***8,,"<div class=""comment-star star2""></div>",跟官方图还有别人评价的图对比怎么感觉像假的,2022-04-23 21:35:28.144,茶树面膜10片,,2017-12-02 13:58,,
放***文,PLUS会员,"<div class=""comment-star star3""></div>","如图所示,京东现在就是这样.老用户与PLUS不得领劵.店大欺客",2022-04-23 21:35:28.544,【缓解痘痘】茶树面膜,,,,2019-10-28 14:38
初***丘,,"<div class=""comment-star star3""></div>",物流很快，包装很差，包装老旧，效果还不知道,2022-04-23 21:35:28.587,茶树面膜,,,,2019-02-18 20:45
恩***i,PLUS会员,"<div class=""comment-star star3""></div>",用了一片反而闷痘了，其他两款就没事。,2022-04-23 21:35:28.647,【镇定肌肤】茶树面膜,,2020-08-05 16:55,,
****c,,"<div class=""comment-star star3""></div>",面膜包装盒破损,2022-04-23 21:35:28.688,【水油平衡】茶树面膜,,2021-03-19 21:10,,
****4,PLUS会员,"<div class=""comment-star star2""></div>",不知道是不是正品,2022-04-23 21:35:28.730,【水油平衡】茶树面膜,,2021-04-11 05:02,,
u***t,PLUS会员,"<div class=""comment-star star3""></div>",商品的包装和在京东那里的商品详情不一致，不知道是不是正品,2022-04-23 21:35:28.772,茶树面膜10片,,,,
****d,PLUS会员,"<div class=""comment-star star3""></div>",刚拿到手就是这样，这真的是新的吗？感觉像是被拆过的，,2022-04-23 21:35:28.816,茶树面膜,,,,2019-05-31 10:56
****n,PLUS会员,"<div class=""comment-star star3""></div>",第二次购买，感觉很好,2022-04-23 21:35:28.861,【缓解痘痘】茶树面膜,,,,2020-02-22 18:02
蜉***鞠,,"<div class=""comment-star star2""></div>",包装盒都坏的,2022-04-23 21:35:28.904,控油战痘茶树面膜25ml*10,,2016-05-21 21:54,,
X***p,,"<div class=""comment-star star3""></div>",买完就降价。,2022-04-23 21:35:28.973,控油战痘茶树面膜25ml*10,,2016-06-27 15:46,,
傻***猫,,"<div class=""comment-star star3""></div>",都压坏了,2022-04-23 21:35:29.466,控油战痘茶树面膜25ml*10,,2016-07-01 16:27,,
耶***8,PLUS会员,"<div class=""comment-star star3""></div>",包装有点旧,2022-04-23 21:35:29.514,茶树面膜10片,,2016-09-12 18:36,,
u***u,,"<div class=""comment-star star3""></div>",配送挺快的,2022-04-23 21:35:29.582,茶树面膜10片,,2016-09-14 16:20,,
双***0,,"<div class=""comment-star star3""></div>",一般般,2022-04-23 21:35:29.631,茶树面膜10片,,2016-09-23 16:53,,
V***-,PLUS会员,"<div class=""comment-star star3""></div>",还可以,2022-04-23 21:35:29.688,茶树面膜10片,,2016-10-11 17:17,,
W***_,,"<div class=""comment-star star3""></div>",还可以,2022-04-23 21:35:29.733,茶树面膜10片,,2016-11-01 14:42,,
方***啧,,"<div class=""comment-star star2""></div>",不好用。。。。,2022-04-23 21:35:29.798,茶树面膜10片,,2016-11-12 10:46,,
g***3,PLUS会员,"<div class=""comment-star star3""></div>",挺好用,2022-04-23 21:35:29.848,茶树面膜10片,,2016-12-02 00:20,,
t***1,,"<div class=""comment-star star2""></div>",没另一款好,2022-04-23 21:35:29.930,茶树面膜10片,,2016-12-14 00:39,,
雅***i,,"<div class=""comment-star star2""></div>",不是正品,2022-04-23 21:35:29.995,茶树面膜10片,,2017-01-11 16:52,,
云***刀,PLUS会员,"<div class=""comment-star star3""></div>",一般,2022-04-23 21:35:30.313,茶树面膜10片,,2017-01-12 15:59,,
u***u,,"<div class=""comment-star star3""></div>",一般般,2022-04-23 21:35:30.360,茶树面膜10片,,,,
天***袋,,"<div class=""comment-star star2""></div>",……?……?……,2022-04-23 21:35:30.409,茶树面膜10片,,,,
u***9,,"<div class=""comment-star star3""></div>",不好用,2022-04-23 21:35:30.457,茶树面膜10片,,,,
N***x,PLUS会员,"<div class=""comment-star star3""></div>",还行,2022-04-23 21:35:30.502,茶树面膜10片,,,,
牛***物,PLUS会员,"<div class=""comment-star star3""></div>",一般,2022-04-23 21:35:30.549,茶树面膜10片,,,,
1***馨,,"<div class=""comment-star star3""></div>",效果不大,2022-04-23 21:35:30.591,茶树面膜10片,,,,
_***l,,"<div class=""comment-star star2""></div>",一半办,2022-04-23 21:35:30.636,茶树面膜10片,,2017-04-24 19:12,,
****y,,"<div class=""comment-star star3""></div>",东西很一般,2022-04-23 21:35:30.678,茶树面膜10片,,2017-04-30 12:46,,
l***5,PLUS会员,"<div class=""comment-star star3""></div>",不错。。。。。。。。。。,2022-04-23 21:35:30.725,茶树面膜10片,,2017-05-11 21:56,,
N***子,,"<div class=""comment-star star3""></div>",还好还好还好,2022-04-23 21:35:31.135,茶树面膜10片,,2017-07-04 11:39,,
l***n,,"<div class=""comment-star star2""></div>",吸收不好..,2022-04-23 21:35:31.185,茶树面膜10片,,2017-07-04 00:37,,
苦***呆,,"<div class=""comment-star star3""></div>",没什么效果。,2022-04-23 21:35:31.244,茶树面膜10片,,2017-07-29 02:28,,
梅***聪,PLUS会员,"<div class=""comment-star star3""></div>",还可以吧,2022-04-23 21:35:31.296,茶树面膜10片,,2017-08-24 20:38,,
****D,,"<div class=""comment-star star3""></div>",效果一般,2022-04-23 21:35:31.352,茶树面膜10片,,2017-09-06 01:23,,
u***8,,"<div class=""comment-star star3""></div>",效果一般,2022-04-23 21:35:31.399,茶树面膜10片,,2017-09-10 13:21,,
c***w,PLUS会员,"<div class=""comment-star star3""></div>",一般般的效果,2022-04-23 21:35:31.459,茶树面膜10片,,2017-10-19 17:49,,
****4,PLUS会员,"<div class=""comment-star star3""></div>",没什么用,2022-04-23 21:35:31.528,茶树面膜10片,,2017-10-24 23:00,,
s***o,PLUS会员,"<div class=""comment-star star3""></div>",还没用,2022-04-23 21:35:31.585,茶树面膜10片,,2017-11-05 19:11,,
****q,PLUS会员,"<div class=""comment-star star3""></div>",盒子被压扁了,2022-04-23 21:35:31.642,,茶树面膜10片,,2017-11-10 10:30,
****e,,"<div class=""comment-star star3""></div>",还有可以，,2022-04-23 21:35:31.947,茶树面膜10片,,2017-11-13 01:07,,
****c,,"<div class=""comment-star star3""></div>",一般般,2022-04-23 21:35:31.991,茶树面膜10片,,2017-11-19 22:10,,
韩***6,,"<div class=""comment-star star3""></div>",还可以，挺好用,2022-04-23 21:35:32.044,茶树面膜10片,,2017-12-09 14:51,,
邓***5,,"<div class=""comment-star star2""></div>",包装都是烂的,2022-04-23 21:35:32.091,茶树面膜10片,,2017-12-13 19:02,,
****?,,"<div class=""comment-star star2""></div>",没效果，不好用,2022-04-23 21:35:32.145,茶树面膜10片,,2018-01-01 16:30,,
****f,,"<div class=""comment-star star3""></div>",一般,2022-04-23 21:35:32.194,茶树面膜10片,,2018-01-08 08:21,,
a***2,,"<div class=""comment-star star2""></div>",不是正品,2022-04-23 21:35:32.233,茶树面膜10片,,2018-01-13 11:13,,
u***x,,"<div class=""comment-star star2""></div>",被拆了面膜,2022-04-23 21:35:32.273,茶树面膜10片,,2018-03-10 22:38,,
****w,PLUS会员,"<div class=""comment-star star3""></div>",过敏,2022-04-23 21:35:32.312,茶树面膜10片,,2018-03-30 22:56,,
血***神,,"<div class=""comment-star star3""></div>",还没用,2022-04-23 21:35:32.365,茶树面膜10片,,2018-04-08 14:52,,
****8,,"<div class=""comment-star star2""></div>",没有任何感觉。,2022-04-23 21:35:32.775,茶树面膜10片,,2018-04-25 10:38,,
****D,PLUS会员,"<div class=""comment-star star3""></div>",感觉像假的,2022-04-23 21:35:32.830,茶树面膜10片,,2018-05-31 12:03,,
****o,PLUS会员,"<div class=""comment-star star3""></div>",无感,2022-04-23 21:35:32.889,茶树面膜10片,,2018-06-04 12:22,,
****i,,"<div class=""comment-star star3""></div>",还可以,2022-04-23 21:35:32.944,茶树面膜10片,,2018-06-25 19:52,,
魏***剑,,"<div class=""comment-star star2""></div>",包装全破了,2022-04-23 21:35:32.997,茶树面膜10片,,2018-08-01 16:40,,
星***琐,PLUS会员,"<div class=""comment-star star3""></div>",还好,2022-04-23 21:35:33.087,茶树面膜10片,,2018-08-09 15:41,,
****r,,"<div class=""comment-star star3""></div>",包装自己看哇！,2022-04-23 21:35:33.143,,茶树面膜10片,,2018-08-28 22:06,
****j,,"<div class=""comment-star star2""></div>",爆浆了,2022-04-23 21:35:33.203,,茶树面膜10片,,2018-09-15 15:32,
无***卉,PLUS会员,"<div class=""comment-star star3""></div>",有点旧,2022-04-23 21:35:33.258,茶树面膜10片,,2018-10-18 16:30,,
B***U,PLUS会员,"<div class=""comment-star star3""></div>",还行吧,2022-04-23 21:35:33.328,茶树面膜,,,,2018-11-17 16:57
草***z,,"<div class=""comment-star star3""></div>",还好,2022-04-23 21:35:33.743,茶树面膜,,,,2019-03-01 01:27
****4,,"<div class=""comment-star star3""></div>",一般般，,2022-04-23 21:35:33.791,茶树面膜,,,,2019-03-19 17:58
2***I,,"<div class=""comment-star star3""></div>",不适合我,2022-04-23 21:35:33.836,茶树面膜,,,,2019-04-06 14:25
王***封,,"<div class=""comment-star star2""></div>",失望,2022-04-23 21:35:33.902,茶树面膜,,,,2019-05-25 23:22
管***口,,"<div class=""comment-star star2""></div>",试着看,2022-04-23 21:35:33.946,茶树面膜,,,,2019-08-22 16:36
濡***竹,,"<div class=""comment-star star3""></div>",一般吧,2022-04-23 21:35:33.998,茶树面膜,,,,2019-09-19 21:53
****r,,"<div class=""comment-star star3""></div>",哦⊙∀⊙！，已压扁,2022-04-23 21:35:34.048,【缓解痘痘】茶树面膜,,,,2019-11-11 16:53
****w,,"<div class=""comment-star star2""></div>",服务态度差,2022-04-23 21:35:34.100,【缓解痘痘】茶树面膜,,,,2019-11-13 10:57
柠***J,,"<div class=""comment-star star3""></div>",感觉，没啥效果,2022-04-23 21:35:34.140,【缓解痘痘】茶树面膜,,,,2019-11-23 08:14
****U,,"<div class=""comment-star star2""></div>",不好用。。,2022-04-23 21:35:34.180,【缓解痘痘】茶树面膜,,,,2019-12-17 02:23
****Q,,"<div class=""comment-star star3""></div>",我怀疑是假货，但是我有没有证据。他说不支持防伪查询。,2022-04-23 21:35:34.587,【镇定肌肤】茶树面膜,,2020-08-30 23:16,,
z***5,PLUS会员,"<div class=""comment-star star3""></div>",没有效果，还比~贵,2022-04-23 21:35:34.629,【镇定肌肤】茶树面膜,,2020-09-16 07:00,,
****6,PLUS会员,"<div class=""comment-star star3""></div>",一般般，不好用,2022-04-23 21:35:34.694,【缓解痘痘】茶树面膜,,,,2019-12-26 22:24
i***V,,"<div class=""comment-star star3""></div>",精华太少了,2022-04-23 21:35:34.753,【缓解痘痘】茶树面膜,,,,2020-02-01 21:21
段***1,,"<div class=""comment-star star2""></div>",连封口都没有,2022-04-23 21:35:34.811,,【缓解痘痘】茶树面膜,,,
A***i,,"<div class=""comment-star star2""></div>",精华很少,2022-04-23 21:35:34.869,【缓解痘痘】茶树面膜,,,,2020-03-17 23:35
m***0,,"<div class=""comment-star star2""></div>",冒痘痘,2022-04-23 21:35:34.927,【缓解痘痘】茶树面膜,,,,2020-04-03 17:17
何***饼,,"<div class=""comment-star star3""></div>",整体还可以。,2022-04-23 21:35:34.980,【缓解痘痘】茶树面膜,,,,2020-04-20 14:19
紫***汪,,"<div class=""comment-star star3""></div>",里面没有精华,2022-04-23 21:35:35.035,【镇定祛痘】茶树面膜,,,,2020-04-25 14:14
陈***萌,,"<div class=""comment-star star3""></div>",一般,2022-04-23 21:35:35.094,【镇定祛痘】茶树面膜,,,,2020-05-11 13:31
农***狠,PLUS会员,"<div class=""comment-star star3""></div>",效果一般吧，用了这么久没什么效果感觉，给一个中评吧。,2022-04-23 21:35:35.520,茶树面膜10片,,2018-06-19 20:29,,
思***扣,PLUS会员,"<div class=""comment-star star3""></div>",包装袋通篇除了“正品”俩字，其它也不知玄乎些啥，咱也不认识，文化程度低是真的，不明所以也是真的……买三盒可以打好多折，就买了三盒，绿色的有“正品”，蓝色的有“正品”，黑色的没有“正品”，就这样吧，咱是外行，也不知啥意思。,2022-04-23 21:35:35.569,,【水油平衡】茶树面膜,,2021-07-29 23:20,
****j,,"<div class=""comment-star star3""></div>",精华好少，很快就干,2022-04-23 21:35:35.621,【镇定舒缓】茶树面膜,,2021-11-18 20:21,,
****k,,"<div class=""comment-star star3""></div>",感觉可能是正的,2022-04-23 21:35:35.671,【镇定舒缓】茶树面膜,,2022-03-01 15:22,,
u***m,,"<div class=""comment-star star2""></div>",期待效果,2022-04-23 21:35:35.719,控油战痘茶树面膜25ml*10,,2016-06-02 15:26,,
****8,PLUS会员,"<div class=""comment-star star3""></div>",使用感受：一般,2022-04-23 21:35:35.763,【镇定肌肤】茶树面膜,,2020-06-29 21:38,,
u***o,,"<div class=""comment-star star3""></div>",一般,2022-04-23 21:35:35.804,【镇定肌肤】茶树面膜,,2020-08-13 21:42,,
麦***兜,PLUS会员,"<div class=""comment-star star3""></div>",原液少的可怜?,2022-04-23 21:35:35.849,【镇定肌肤】茶树面膜,,2020-09-05 22:35,,
中***霍,,"<div class=""comment-star star3""></div>",很一般,2022-04-23 21:35:35.887,【镇定肌肤】茶树面膜,,2020-11-23 11:12,,
u***v,,"<div class=""comment-star star3""></div>",没送,2022-04-23 21:35:35.941,【调理水油平衡】茶树面膜,,2020-12-23 10:03,,
1***5,PLUS会员,"<div class=""comment-star star3""></div>",东西还不错，活动的时候买了很多，屯着以后慢慢用，但是盒子没有封条，不知道真的假的。,2022-04-23 21:35:36.367,【缓解痘痘】茶树面膜,,,,2020-02-18 23:38
簞***1,PLUS会员,"<div class=""comment-star star3""></div>",活动是骗人的,2022-04-23 21:35:36.416,【调理水油平衡】茶树面膜,,2021-01-10 14:44,,
r***b,,"<div class=""comment-star star3""></div>",包装不好,2022-04-23 21:35:36.483,【调理水油平衡】茶树面膜,,2021-02-18 23:37,,
芋***物,PLUS会员,"<div class=""comment-star star3""></div>",一言难尽…隔着快递箱里面的面膜盒都烂了真够厉害！,2022-04-23 21:35:36.538,【水油平衡】茶树面膜,,2021-09-10 00:10,,
o***1,PLUS会员,"<div class=""comment-star star3""></div>",不好用……,2022-04-23 21:35:36.619,【镇定肌肤】茶树面膜,,2020-11-16 10:16,,
就***5,PLUS会员,"<div class=""comment-star star3""></div>",抚不平，不服帖，精华非常少，最后一次买这个牌子,2022-04-23 21:35:36.669,【调理水油平衡】茶树面膜,,2021-01-31 16:18,,
****5,PLUS会员,"<div class=""comment-star star2""></div>",感觉是假..昨天用过一片朋友给的面膜比这个要更薄而且面膜上面还有品牌名称钢印在上面精华液比这个更加清爽...准备在KK再试一下再入一盒对比希望这里没有假货吧...,2022-04-23 21:35:36.724,茶树面膜,,,,2019-04-13 22:07
老***乐,PLUS会员,"<div class=""comment-star star3""></div>",还好啊-_-||，，，，，，,2022-04-23 21:35:36.770,【水油平衡】茶树面膜,,2021-07-21 14:10,,
****i,,"<div class=""comment-star star3""></div>",不咋的,2022-04-23 21:35:36.824,【水油平衡】茶树面膜,,2021-08-02 23:45,,
****T,,"<div class=""comment-star star2""></div>",不吸收，没效果,2022-04-23 21:35:36.885,【水油平衡】茶树面膜,,2021-08-30 21:35,,
j***i,,"<div class=""comment-star star3""></div>",先给三个星吧，还没有用，不知道什么效果不过我想知道哪里来的那么多评论这款面膜真的很不错么？我一下买了好多盒，如果要是真的不好那就真的坑死了。。。。。,2022-04-23 21:35:37.285,茶树面膜10片,,2017-11-03 13:42,,
迷***猪,,"<div class=""comment-star star3""></div>",买了四盒面膜，有三盒都是打开的，只有一盒没打开，给人的感觉很不舒服，都不像真的，好像随便装在盒子里的。,2022-04-23 21:35:37.332,,【镇定肌肤】茶树面膜,,2020-08-24 22:23,
哈***s,,"<div class=""comment-star star3""></div>",商品有污渍,2022-04-23 21:35:37.403,【镇定舒缓】茶树面膜,,2021-11-04 18:19,,
****f,,"<div class=""comment-star star2""></div>",面膜精华很少,2022-04-23 21:35:37.450,【镇定舒缓】茶树面膜,,2021-11-28 20:32,,
L***君,,"<div class=""comment-star star3""></div>",这款没有使用，用了另外一个淡斑的脸上有刺疼水泡，这款也不敢用了，给个一般吧,2022-04-23 21:35:37.493,【镇定肌肤】茶树面膜,,2020-09-02 15:34,,
d***莎,PLUS会员,"<div class=""comment-star star3""></div>",感觉一般,2022-04-23 21:35:37.545,【镇定舒缓】茶树面膜,,2022-01-06 05:00,,
久***Y,,"<div class=""comment-star star2""></div>",这外包装……,2022-04-23 21:35:37.595,,【镇定舒缓】茶树面膜,,2022-02-23 22:56,
我***啊,,"<div class=""comment-star star2""></div>",可能是用这个面膜比较久了吧，感觉没有一开始用的时候效果好了，下次考虑换个面膜了。,2022-04-23 21:35:37.645,【调理水油平衡】茶树面膜,,2021-02-25 22:35,,
****0,,"<div class=""comment-star star2""></div>",刚用完照了一下镜子，一脸都是红的，不知道是不是过敏，之前用其他的都没有这现象，后面的我都不知道好不好用了,2022-04-23 21:35:37.702,茶树面膜10片,,2018-03-03 23:33,,
****k,PLUS会员,"<div class=""comment-star star3""></div>",面膜敷脸上竟然会起毛絮，敷完后竟然发现脸上沾了毛絮，客服给的解释也让人哭笑不得，以前也用过朋友从香港寄过来的，从来没有这种现象。,2022-04-23 21:35:37.748,【镇定肌肤】茶树面膜,,2020-09-16 08:36,,
****f,,"<div class=""comment-star star2""></div>",先不说效果怎样，首先面膜的结构就是一张压缩面膜，压缩面膜都知道吧？都没有一张塑料的保护纸，面膜都是粘在一起，好赖整张质量比较好的面膜纸啊，一看就没什么心情了，亏我还买了两盒。棒子的产品果然不能买啊,2022-04-23 21:35:38.355,茶树面膜10片,,2017-12-02 12:38,,
****e,,"<div class=""comment-star star3""></div>",这个包装真的是一言难尽，一眼看去就像假货，不过我的脸不是敏感肌，用起来没啥问题。将就着用吧，就是普普通通补水就可以,2022-04-23 21:35:38.402,,【缓解痘痘】茶树面膜,,,
****南,PLUS会员,"<div class=""comment-star star3""></div>",我想吐槽下，第一次买这个面膜，看着搞活动才买的，收到货后发现挤压严重，包装盒已经坏掉了。迫不及待的拆了一片来用，发现非常粘稠，面膜纸很厚，而且只有一张，贴脸上都很难对准鼻子眼睛，我觉得是我在京东上最差的一次购物体验了，敷完效果感觉很油，都没法被吸收，所谓的什么精华液都只是停留在脸表面而已，下次不会再买了,2022-04-23 21:35:38.465,茶树面膜,,,,2019-09-29 09:00
T***6,,"<div class=""comment-star star3""></div>",~推荐的，买来试试真假不知道，体验感觉并不好，粘稠，敷完面膜里好多精华！挺失望,2022-04-23 21:35:38.520,【镇定舒缓】茶树面膜,,2021-11-12 11:44,,
郭***n,,"<div class=""comment-star star3""></div>",使用感受：面膜有点干，贴在脸上不舒服，就感觉面膜精华不够，还有每一片面膜精华都不均匀，昨天敷的面膜精华还剩很多。可以倒出来，今天的根本到不出来，还要使劲挤，不知道为什么，面膜也有钢印，但是面膜贴在脸上就是感觉干，一度以为自己买到了假货,2022-04-23 21:35:38.584,【缓解痘痘】茶树面膜,,,,2020-03-17 01:08
****1,PLUS会员,"<div class=""comment-star star3""></div>",很一般，不能维稳，精华非常非常非常非常的少。用了不会有肌肤喝饱水的感觉，感觉有点坑呀。最开始买那个蓝色包装的不这样呀，不会回购了,2022-04-23 21:35:38.652,【水油平衡】茶树面膜,,2021-06-19 16:02,,
****f,,"<div class=""comment-star star3""></div>",一般，面膜纸有些粗糙产品质感：粗糙使用感受：补水应该还行，精华液有点少，有点干适合肤质：油皮补水效果：还好贴合效果：还好，不是特别贴合其他特色：味道有些奇怪，刚开始有点不适应...,2022-04-23 21:35:38.706,【水油平衡】茶树面膜,,2021-08-31 09:15,,
