user_name	is_plus	star_num	comment	commodity_type
刘***1	1	1	刚买完降价一半多呵呵呵	胶原蛋白面膜10片
u***q	0	1	发过来包装都是烂的不信任	胶原蛋白面膜10片
_***r	1	1	盒子都是打开的，还好数量没少	胶原蛋白面膜10片
a***7	0	1	一颗都不想给刚收到降价了	【弹力紧致】胶原蛋白面膜
****5	1	1	盒子这样了，东西还不知道真假	胶原蛋白面膜
****1	0	1	最近几次买的面膜包装都这样	胶原蛋白面膜10片
X***S	0	1	看到那个包装真不想说什么了，	胶原蛋白面膜10片
箫***情	0	1	包装盒送到都破了，不像正品	胶原蛋白面膜10片
刹***魇	0	1	双买反而更贵，今天再看便宜了	【弹力紧致】胶原蛋白面膜
小***5	1	1	不咋地，一般般，黏糊糊的	胶原蛋白面膜10片
****i	0	1	不知道是不是正品，扫码扫不出来	胶原蛋白面膜
****a	0	1	怎么说反正就是这个情况呵呵	胶原蛋白面膜
****e	0	1	用后过敏发痒，什么情况	胶原蛋白面膜
u***a	0	1	买来送人的，寄过来包装就坏了	胶原蛋白面膜10片
****9	0	1	和之前韩国买的差别大了后悔买了	胶原蛋白面膜
辉***婆	0	1	我的面膜被人动过，联系客服也不理	胶原蛋白面膜10片
****f	0	1	便宜没好货好货不便宜啊，人生领悟	胶原蛋白面膜10片
洋***y	1	1	用了脸会脱皮我也是醉了	胶原蛋白面膜10片
璀***3	0	1	刚刚买完就降价，试问价格有谱吗	胶原蛋白面膜10片
落***恒	0	1	我老婆说效果不怎么好	胶原蛋白面膜
****l	0	1	包装过于简陋，让人怀疑产品可靠性	胶原蛋白面膜
u***2	0	1	您没有填写内容，默认好评	胶原蛋白面膜
z***9	1	1	盒子全坏了的，不知道是不是正品	胶原蛋白面膜10片
那***叶	0	1	商品包装是坏的，应该是散货装的	胶原蛋白面膜
****3	0	1	东西物流也送货短信都没一个	胶原蛋白面膜10片
****d	0	1	买了几盒为什么条形码都一样	【弹力紧致】胶原蛋白面膜
K***N	0	1	上面写着十片，现在到手九片	胶原蛋白面膜
雾***灬	0	1	包装不好，一起买的，为什么分开包装	胶原蛋白面膜10片
P***n	0	1	假貨敷上去一點都不水潤	胶原蛋白面膜
P***n	0	1	假貨敷上去一點都不水潤	胶原蛋白面膜
****0	0	1	一点都不好，差差差，下次再也不會买了。	胶原蛋白面膜10片
梦***穿	1	1	快递速度不解释，北京地区三天送到，	胶原蛋白面膜10片
j***1	0	1	很好，还会再买很好，很好	胶原蛋白面膜10片
****m	0	1	买了一天还没开始用就降价了。	胶原蛋白面膜10片
李***递	0	1	太小了，女士脸小弟还好，就用了一次，伤心	胶原蛋白面膜10片
****q	0	1	应该是假货，用后脸又黑又油	胶原蛋白面膜
t***n	0	1	脸上过敏好几个人用了都是这样	胶原蛋白面膜10片
零***匀	0	1	为什么送过来的包装盒是拆开的，不满意	胶原蛋白面膜10片
江***森	1	1	这次买的感觉不对劲啊有点水吧	胶原蛋白面膜
u***d	0	1	一颗心都不想给包装全部拆开了差差差	胶原蛋白面膜10片
新***义	1	1	为什么打开快递包装，里面盒子是破的	胶原蛋白面膜10片
****w	0	1	不是很满意，面膜是去年的积压货	胶原蛋白面膜10片
小***6	1	1	这包装真省事，都不用我拆了	胶原蛋白面膜10片
****f	0	1	一般不怎么好用，个人觉得	【弹力紧致】胶原蛋白面膜
u***o	0	1	收到就是开的，也不知道为什么	胶原蛋白面膜
宝***猪	1	1	刚收到，包装都是打开的，这是什么情况	胶原蛋白面膜10片
u***p	0	1	没有密封条，感觉被拆过	胶原蛋白面膜
深***洋	1	1	过敏用这个牌子的面膜	胶原蛋白面膜10片
****j	1	1	包装不好，像是被打开过	胶原蛋白面膜10片
u***x	1	1	包装盒都是拆开，烂了的	胶原蛋白面膜10片
h***6	0	1	包装是开的，感觉是假的	【提亮紧致】胶原蛋白面膜
C***净	1	1	盒子都给别人开封过的	【提亮紧致】胶原蛋白面膜
l***语	0	1	不开心盒子都烂了包装盒是打开的状态	胶原蛋白面膜10片
m***磊	0	1	买了两个包装都是破的直接没法忍受	【弹力紧致】胶原蛋白面膜
****u	0	1	产品包装盒是被打开过的	胶原蛋白面膜10片
****r	0	1	包装简陋，脏兮兮的感觉像好久的压箱底货了	胶原蛋白面膜
a***0	1	1	不知道是不是正品，有一盒被开过	胶原蛋白面膜10片
u***a	0	1	水份少，干干的，不是正品	胶原蛋白面膜10片
****n	0	1	这次买的没有上几次好干干的	胶原蛋白面膜
****9	0	1	购物感受好差，送到打开是这样的	胶原蛋白面膜
****a	0	1	包装口全开了，坏的。不知道是不是正品，	胶原蛋白面膜
****H	0	1	都开了外面有防伪有什么用	【弹力紧致】胶原蛋白面膜
****x	0	1	打开快就看到包装被拆开了	胶原蛋白面膜10片
u***i	0	1	封条包装被拆开过，假货	胶原蛋白面膜10片
****f	0	1	以后改善一下包装吧，都烂了	【提亮紧致】胶原蛋白面膜
****n	0	1	打开包装就是开着的，货到付款，不能退后悔	胶原蛋白面膜
****i	0	1	到货还没用发现已经被拆。	胶原蛋白面膜10片
j***头	0	1	很一般，没有多余的精华液	胶原蛋白面膜
u***t	1	1	这次送来的和商品图片不一致	胶原蛋白面膜10片
鸟***歌	1	1	东西怎样不知道，但送货给一星	胶原蛋白面膜10片
三***灬	0	1	这个价格，忽高忽低，我也是醉了	胶原蛋白面膜10片
u***b	0	1	感觉没有上次的好，不知道怎么回事	胶原蛋白面膜10片
****u	0	1	有二盒打开过，就像散装一一样	【提亮紧致】胶原蛋白面膜
谨***慎	0	1	这个是被拆过的给个说法	胶原蛋白面膜
z***3	1	1	同样的商品包装不一样联系京东客服联系不上	胶原蛋白面膜10片
快***光	1	1	，前天买的打折，今天就满减去，差价怎么算，	胶原蛋白面膜10片
辉***属	0	1	送来的时候盒子底下是漏的，明显盒子拆开过，	胶原蛋白面膜
含***8	1	1	我这货还没收到那你们怎么就自动算我收货了	胶原蛋白面膜10片
u***a	0	1	条码扫不出来包装也是拆了的	胶原蛋白面膜10片
****o	0	1	皮肤用后居然红肿，痛，不介意用这个	胶原蛋白面膜10片
1***3	0	1	促销买的不好，没有之前的质量好不是正品	【弹力紧致】胶原蛋白面膜
4***7	0	1	包装封口有被拆开的痕迹，假的吧	胶原蛋白面膜10片
D***0	0	1	不好用，京东秒杀的东西一般都是不好的	胶原蛋白面膜
Z***0	0	1	面膜补水还可以，就是有点厚	胶原蛋白面膜10片
g***8	0	1	不是真品不好用，劝大家不要贪便宜	胶原蛋白面膜10片
涵***颖	1	1	用了后有微痛感，与在韩国买的不一样。	
****f	0	1	觉着搞活动的变了跟以前的不一样了	胶原蛋白面膜
山***沂	0	1	希望快递员好好保护这个。都收钱了。	胶原蛋白面膜10片
谢***儿	0	1	用了之后长痘痘。还长了很多。	胶原蛋白面膜
大***鳖	1	1	没有更差，只有最差，最差，差	【提亮紧致】胶原蛋白面膜
我***L	0	1	运输有问题，包装被撞褶皱了，不满意的一次购物	胶原蛋白面膜10片
u***x	1	1	是正品吗我用着怎么有刺痒的感觉。	胶原蛋白面膜10片
b***A	0	1	自己想了能买多少好东西啊，用了一张就感觉是假的，	胶原蛋白面膜10片
****c	0	1	买来送人的，但是过期了过期了过期了	胶原蛋白面膜10片
y***7	1	1	网购年，你家的面膜是真不好用	【弹力紧致】胶原蛋白面膜
z***3	0	1	还没用，开箱包装就是破的。	【盈润光滑弹嫩】胶原蛋白面膜
****1	1	1	快递是挺快，东西也没少，但是这样我还怎么送人	胶原蛋白面膜
欣***吖	0	1	面膜盒没有密封像是被拆开过一样	【弹力紧致】胶原蛋白面膜
犇***羴	1	1	降价不让保价，还解释不出个所以然来	胶原蛋白面膜
肥***i	0	1	快递是快，东西也没少，包装盒还帮我打开了	【弹力紧致】胶原蛋白面膜
q***4	0	1	没有作用，没有作用，没有作用。	【提亮紧致】胶原蛋白面膜
啊***崔	0	1	味道和我之前用的不一样，怀疑是货	胶原蛋白面膜10片
u***z	0	1	怀疑是假的呐面膜比以前小精华液也少	胶原蛋白面膜10片
****t	1	1	哇回来都这样了，我真是怀疑是不是正品	胶原蛋白面膜
****c	1	1	取出来都快干了，质量不如以前了	【弹力紧致】胶原蛋白面膜
****e	0	1	不想说什么了，你们自己看吧。	胶原蛋白面膜10片
何***8	0	1	刚刚买完一两天就降价了，还不给保价，真的是醉了	【弹力紧致】胶原蛋白面膜
诗***沁	1	1	刚收到货，就降价，好过分呀，这商品还有质量保障吗	胶原蛋白面膜
用***_	1	1	到了还没用，包装直接撕碎的这种能发货	【弹力紧致】胶原蛋白面膜
爱***8	1	1	太干了，不好用，比以前买的差多了	【提亮紧致】胶原蛋白面膜
高***5	0	1	快递盒是牛奶盒，有一盒面膜包装破损。	【提亮紧致】胶原蛋白面膜
s***2	0	1	贴上一点效果都没有，钱都打了水漂，难过	胶原蛋白面膜
穷***采	0	1	我一定是买了假面膜，从没遇到过这般质量	胶原蛋白面膜10片
u***t	0	1	没有塑封膜，商品渠道让人怀疑，是否正品。	胶原蛋白面膜10片
H***8	0	1	刚买了就降价，我也是醉了，这样的商家，怎么相信你	胶原蛋白面膜
****p	0	1	收到快递打开包装一看，包装盒都开了，也不知咋回事	胶原蛋白面膜10片
****a	0	1	水少用完脸起皮不会再买了	胶原蛋白面膜
陈***姐	1	1	号下单说好的号可以到，佛山到广州也要天。这真是龟速	胶原蛋白面膜10片
****d	0	1	便宜没好货，一分钱一分质量	【盈润光滑弹嫩】胶原蛋白面膜
u***i	0	1	包装都烂了，都散出来了，怎么用	胶原蛋白面膜10片
希***a	0	1	买了三盒有两盒是开的不知道是包装问题还是什么	胶原蛋白面膜10片
李***方	0	1	建议大家别买，水货，用过后脸痒	【盈润光滑弹嫩】胶原蛋白面膜
****t	0	1	不好，产品不好，快递非常好，也很快，史上最快的快递	胶原蛋白面膜
****g	0	1	用起来不怎么样，精华少的要命，	胶原蛋白面膜
****e	1	1	第一次用，一点精华没有，也不知道是不是真的	胶原蛋白面膜
b***7	0	1	不怎么样，感觉效果不好	【提亮紧致】胶原蛋白面膜
楚***尘	1	1	好烦这个包装没一个隔离纸的，每次要摊开面膜都要弄好久。	胶原蛋白面膜10片
****q	1	1	精华确实有点少，很快就干了	【弹力紧致】胶原蛋白面膜
****e	0	1	要送人的这盒子破的有点说不过去了吧	【弹力紧致】胶原蛋白面膜
****h	0	1	自己看看这盒子包装也不弄好一点用了再来评价	胶原蛋白面膜
****v	0	1	为何每次买的面膜质量都不一样，精华少的可怜	胶原蛋白面膜
****b	1	1	暂时只用了这一张，用了第二天爆痘了	胶原蛋白面膜10片
u***1	0	1	包装坏了，而且一起买的没有一起发，就用一个袋子装过来	胶原蛋白面膜10片
****I	0	1	不好用，补水效果不好，不服帖	【弹力紧致】胶原蛋白面膜
晴***妈	1	1	面膜收到了，还没用，不过盒子都压扁了	胶原蛋白面膜10片
F***8	0	1	不好，面膜厚不柔软，精华液少又稀	胶原蛋白面膜
狼***6	1	1	还没收到货就改优惠政策，就你家套路深，一点都没保价	【弹力紧致】胶原蛋白面膜
****8	0	1	不知真假，包装坏了，没效果还长痘	胶原蛋白面膜10片
权***呦	0	1	感觉没啥，用完脸上还干巴巴	【弹力紧致】胶原蛋白面膜
****e	0	1	拆开包装盒子是烂的，就像被打开过一样，不高兴	胶原蛋白面膜10片
u***j	1	1	为什么拿着就是开的，外面没胶纸封好	【提亮紧致】胶原蛋白面膜
爱***6	1	1	用了会过敏，脸上起了红点和小疙瘩	胶原蛋白面膜
u***r	0	1	精华少了好多，但面膜效果是不错的	【弹力紧致】胶原蛋白面膜
****k	0	1	没有一滴精华要是正品我就佩服这个品牌的很	【提亮紧致】胶原蛋白面膜
u***g	1	1	面膜纸为啥比我从韩国带回来的小呢，脸都盖不全	胶原蛋白面膜10片
谦***S	0	1	包装越来越糊弄，三盒包装都破损，看着都生气	胶原蛋白面膜
哇***啊	0	1	便宜没好货，不像之前用过都那样好	胶原蛋白面膜
T***7	1	1	贪了便宜感觉不是正品不好用，用完脸会乌突突	胶原蛋白面膜10片
M***x	1	1	没有什么精华，几分钟就干掉	【提亮紧致】胶原蛋白面膜
u***u	0	1	包装不好，盒子都压扁了不知道是不是正品条码都是粘上勒	胶原蛋白面膜10片
****6	0	1	面膜怎么那么干，没什么精华液，这么抠	胶原蛋白面膜
****j	0	1	使用了几次没有什么效果有点后悔了下次不买了	胶原蛋白面膜10片
****w	0	1	不好，没有我在唯买的用着服帖，特厚	胶原蛋白面膜
哥***坏	1	1	包装盒底部完全是拆开过的，无法理解什么情况	胶原蛋白面膜10片
****y	0	1	没看到面膜不知道谁收了不予评价	胶原蛋白面膜
****m	0	1	还没有用，皮肤是过敏性的，害怕伤皮肤	胶原蛋白面膜10片
小***1	0	1	包装盒是打开过的，懒得换就这样吧，心里不舒服，	胶原蛋白面膜
****w	0	1	不好用，面膜纸不对称，精华太少	胶原蛋白面膜
****h	0	1	这款面膜是不是变了，敷起来没有以前好，严重怀疑	胶原蛋白面膜
浏***岽	1	1	怀疑是假面膜，后面买的用了皮肤有问题，不敢用了	胶原蛋白面膜10片
****s	0	1	不好用，没效果，不补水，不服帖	胶原蛋白面膜
****l	0	1	买了三盒，说好赠送的直接不送，客服也不解决	【提亮紧致】胶原蛋白面膜
L***皓	0	1	我不知道怎么说了买面膜它寄闹钟	胶原蛋白面膜10片
p***O	0	1	以前刚买的时候感觉还可以一直用可这两次买了真心的没以前货质量好	胶原蛋白面膜
****e	0	1	一般补水效果一般使用感受不好	【光滑弹嫩】胶原蛋白面膜
i***v	0	1	第一次购精华水好多第二个购面膜干干的没水份	胶原蛋白面膜
L***7	1	1	大家自己看吧，包装条码都对不上，还说不支持扫码验证，要买的要慎重了	胶原蛋白面膜
****n	0	1	这次好买的明显没上次的好而且包装的封口竟然贴的是什么套装品	胶原蛋白面膜10片
d***年	0	1	和脸不贴，不好用，水分不够	【提亮紧致】胶原蛋白面膜
任***飞	1	1	才买了几天活动降价，让我这个一次性买了一堆的人情何以堪	【弹力紧致】胶原蛋白面膜
****4	0	1	膜打开有点干。精华太少了。	【提亮紧致】胶原蛋白面膜
****h	0	1	收到盒子是没有密封的，联系客服全是机器人，郁闷	【提亮紧致】胶原蛋白面膜
s***8	0	1	差差，贴了长痘了，皮肤越来越干，还过敏了	胶原蛋白面膜10片
u***q	0	1	面膜不错就是出库太慢用了小时才从仓库出来	胶原蛋白面膜10片
1***n	0	1	和上次买的没用完的对比不一样啊，这次薄了很多，	【莹润肌肤】胶原蛋白面膜
M***然	0	1	第二次买了，觉得不错才继续买明显比第一次差的远不像是正品	胶原蛋白面膜10片
贞***武	1	1	不一样包装里面膜的材质也是不一样	胶原蛋白面膜10片
u***w	0	1	假的用了两片不敢用了苏小红买的都不一样	胶原蛋白面膜10片
C***o	0	1	不明真假，与之一起买的另外已和包装盒的外表都被撕开了，不是密封状态。	胶原蛋白面膜10片
七***Y	0	1	不好用用了起痘痘面膜纸太厚	胶原蛋白面膜10片
w***4	0	1	比旗舰店精华少太多了，几乎没有	【弹力紧致】胶原蛋白面膜
B***_	0	1	包装带都不是封好的，被人拆开了，不知道是不是正品	胶原蛋白面膜10片
****t	0	1	前天买的，昨天用了，产品没以前好产品是假的，而且包装口就没封。	胶原蛋白面膜
落***E	0	1	一般适合肤质干皮贴合效果挺好使用感受一般产品质感	胶原蛋白面膜
****u	0	1	不好，包装是打开的，不是正品快递不送货上门影响京东信誉	胶原蛋白面膜10片
吃***梦	0	1	为什么盒子是开的啊，发货时不能细心点	胶原蛋白面膜10片
****8	0	1	膜有点厚使用感受水份太少补水效果	【弹力紧致】胶原蛋白面膜
g***k	1	1	和以前比，水分超级少，辣鸡产品。	【弹力紧致】胶原蛋白面膜
魂***a	0	1	一星给质量，但是第一天买完第二天就降价还不给补差价属实有点瓜皮了吧	【弹力紧致】胶原蛋白面膜
****g	0	1	没收到货，被人给偷了	胶原蛋白面膜10片
****q	0	1	没有多大感觉好，和实物介绍的有差距	【提亮紧致】胶原蛋白面膜
超***3	0	1	可以登录国寿e宝，看看，是否能变更	胶原蛋白面膜
****d	0	1	精准达，晚两天到呵呵	胶原蛋白面膜
幼***熊	1	1	不像正品，越来越完蛋	胶原蛋白面膜10片
r***2	1	1	不怎么好用，没有JM的好用	【光滑弹嫩】胶原蛋白面膜
李***5	0	1	差祸都给我送丢了	胶原蛋白面膜10片
鸭***跳	1	1	这个面膜贴在脸上用了之后脸上老是起痘痘	【弹力紧致】胶原蛋白面膜
J***1	0	1	一般吧，还算可以吧，也谈不到具体有什么好还是不好。	胶原蛋白面膜10片
****6	0	1	包装直接塑料袋装，打开面膜的盒子都是破的	【盈润光滑弹嫩】胶原蛋白面膜
****9	1	1	收到时盒子是开着的明明一盒是个面膜结果收到的就是个	【提亮紧致】胶原蛋白面膜
白***m	0	1	真假难辨。盒子是被拆开的，条码也扫不出来。	【提亮紧致】胶原蛋白面膜
u***7	0	1	应该是假的，跟我在免税店买的不一样，面膜纸都有区别	胶原蛋白面膜10片
****3	0	1	不知道是不是正品，到货的时候盒子已经开裂了，收到的是这个样子的，	胶原蛋白面膜10片
****4	0	1	买了三盒，有两盒分明有打开过的痕迹，怀疑被掉包了	胶原蛋白面膜
****9	1	1	不好，是假的吧，我用了满脸痒，还起红痘痘	胶原蛋白面膜
****3	0	1	不好用，精华少，敷上面膜有刺痛感	【莹润肌肤】胶原蛋白面膜
L***君	0	1	使用以后出现过敏，脸上发痒起疙瘩，	【提亮紧致】胶原蛋白面膜
****c	0	1	单从包装看，不像正品	胶原蛋白面膜10片
l***7	0	1	这个还不如补水的质量好，面膜纸粗糙的不行	胶原蛋白面膜10片
我***啊	0	1	不好用，太厚了，感觉不吸收，反正下次不会买了	胶原蛋白面膜
****n	1	1	不好用，精华很少，很干。	【盈润光滑弹嫩】胶原蛋白面膜
****4	0	1	到货的时候面膜的包装是被人撕开过又拿胶带粘的	【盈润光滑弹嫩】胶原蛋白面膜
南***风	1	1	效果不好，而且面膜特小，根本就属于偷工减料	胶原蛋白面膜10片
****江	0	1	来了也没有封口贴，搞笑呢，谁知道货是真假，退了	【提亮紧致】胶原蛋白面膜
u***7	0	1	收到货猜开看到包装都被猜开了，商品盒子都是破的，怀疑买的是假货	胶原蛋白面膜10片
快***1	0	1	胶原蛋白的和图片不一样，真的假的申请给换下	胶原蛋白面膜10片
u***1	0	1	假货，精华少，压根就不补水	胶原蛋白面膜10片
星***妈	1	1	外包装显然被打开过	【弹力紧致】胶原蛋白面膜
****3	1	1	精华液没有以前多了，说好的赠品也没有，价格不划算	【莹润肌肤】胶原蛋白面膜
****z	0	1	晕死，居然连箱子都不装，直接用保鲜膜，抱起都尴尬	胶原蛋白面膜10片
宁***呀	0	1	精华少到可怜。几乎没有	【弹力紧致】胶原蛋白面膜
****仙	1	1	快递没有纸箱，居然就是一层塑料袋子，拿回来盒子都摔坏了	胶原蛋白面膜10片
1***p	0	1	感觉一般般，价格还可以，但是用完不是很保湿，	胶原蛋白面膜10片
****j	0	1	送来的时候包装袋已经烂了，面膜盒不用我拆都已经开了	胶原蛋白面膜10片
惑***央	0	1	老婆说用后起痘痘了，不知道是不是面膜的问题	胶原蛋白面膜10片
****h	1	1	不想说什么，包装都是烂的，都是拆开的，都不知道是不是假的	胶原蛋白面膜10片
****z	0	1	一般般吧，期待可以和春雨效果一样，但是差很多	胶原蛋白面膜10片
****i	1	1	是觉得我的脸有tama脸盆那么大吗不管毛事	胶原蛋白面膜
刘***6	0	1	买了两盒，收到的时候如图所示，我也是醉了，都被拆过了	胶原蛋白面膜10片
李***阁	1	1	女朋友用过后说不咋地，不保水这是不是水货呀	胶原蛋白面膜
y***m	0	1	商品与描述不符，而且收到的都是坏的，客服态度也相当不好	胶原蛋白面膜10片
c***e	0	1	皮肤比较敏感，过敏了起了很多红点，很痒	胶原蛋白面膜10片
****p	0	1	没有扫出条形码只显示韩国不知道真假怀疑是买到了假货	胶原蛋白面膜10片
阿***-	1	1	买了三次可莱丝面膜比较好用但是盒子没封少了两片面膜	胶原蛋白面膜10片
****b	0	1	说好的赠补水针剂，也不赠，是忘了，还是不赠啊	【莹润肌肤】胶原蛋白面膜
p***m	0	1	看不清楚是真还是假，估计是假货，收到货的时候已经拆封了，上面还说请务拆封的	胶原蛋白面膜10片
1***p	0	1	过敏过敏，不知道真假	【弹力紧致】胶原蛋白面膜
D***0	0	1	没什么用，买了无数次，没任何作用，不建议购买	【莹润肌肤】胶原蛋白面膜
小***哎	1	1	面膜不好，皮肤越用越干，看来不能再买韩国化妆品了	胶原蛋白面膜10片
向***6	1	1	买了三盒，这盒竟是完全开封的，为什么会这样不敢用了	【弹力紧致】胶原蛋白面膜
u***u	0	1	补水效果不好，膜太厚	胶原蛋白面膜10片
****q	0	1	很干，用了感觉辣辣的	胶原蛋白面膜
我***看	1	1	用上过敏，用起来不好	胶原蛋白面膜
t***l	0	1	写着套装勿拆，咋收到时，已经被拆了京东自营很好。物流很快，快递小哥服务态度也很好。	胶原蛋白面膜10片
****M	0	1	昨天买的三盒，今天到的，竟然又四盒了，跟客服联系也不解决问题，疫情期间，不想来回折腾了，不然坚决退货	【弹力紧致】胶原蛋白面膜
u***n	0	1	水分少，不贴服，效果差	胶原蛋白面膜
****a	0	1	效果不怎么样，扫码也扫不出来，不知道是不是正品	胶原蛋白面膜
u***p	0	1	送货员不让京东支付，想微信支付给他个人不知道有什么鬼不	胶原蛋白面膜10片
t***H	0	1	当时是京东在做活动是买的，但面膜是假的，大家不要再去购买，没有那么便宜	胶原蛋白面膜10片
****p	1	1	不好拿出来都是干的，面膜做的大小不一。	【提亮紧致】胶原蛋白面膜
****q	1	1	拿到手，包装是打开的，而且明显是人为的，不满意	胶原蛋白面膜10片
晨***2	0	1	冒牌货面膜比正品小很多京东还有正品吗之前买的纸尿裤也是再也不会在京东买了	胶原蛋白面膜10片
u***j	0	1	不是正品，图一时便宜买回来用荧光屏手电筒一照满手都是荧光屏，幸好多留了个心眼用手先做实验	胶原蛋白面膜10片
番***-	0	1	来的时候盒子是半开口的，封口条都没有，咱也不知道是为什么	胶原蛋白面膜
g***陶	0	1	不好用用了皮肤不好	胶原蛋白面膜
x***H	0	1	假货用了过敏，正品不可能过敏的用了那么久这个包装比正品小用完脸红痒	【盈润光滑弹嫩】胶原蛋白面膜
****a	1	1	面膜太硬，没什么精华，	胶原蛋白面膜
****o	1	1	不好用，精毕水份不足	胶原蛋白面膜10片
u***9	0	1	不好用，用起来干干的	【弹力紧致】胶原蛋白面膜
****4	1	1	精华特别少，敷着很干	胶原蛋白面膜
****a	0	1	第一次这么差，商品包装差，连个塑封都没有，不说，还拆开了，包装都破的	胶原蛋白面膜10片
Q***丽	0	1	刚收到面膜，还没使用，不知道是不是正品，但是这样的发货包装，确实是非常草率的。	胶原蛋白面膜10片
z***8	0	1	不知道为装大小不一样	【光滑弹嫩】胶原蛋白面膜
****f	0	1	不知道为啥，来了都被拆包了，盒子面膜分离，盒子上的封口被拆。	胶原蛋白面膜10片
卡***1	0	1	不知道真假，蓝色那款之前买的还有封贴，这个都没有，怀疑。	【提亮紧致】胶原蛋白面膜
子***7	1	1	刚收到两天，一盒就降了。价格浮动这么大还没用，不知道是否是正品。	胶原蛋白面膜10片
F***e	1	1	不怎么样，感觉太一般，	胶原蛋白面膜
****u	0	1	感觉跟之前买的不一样，这个精华很少贴上去干干的	【弹力紧致】胶原蛋白面膜
宝***瑛	0	1	辣鸡辣鸡，不好用，难闻	【弹力紧致】胶原蛋白面膜
胡***丹	1	1	上面写着套装误拆，到拿出来却是图片的样子，是拆开的，请给一个说法	胶原蛋白面膜10片
归***_	1	1	宝贝心仪很久了，趁活动时候买真的太划算了，喜欢的不要犹豫啊	【光滑弹嫩】胶原蛋白面膜
张***轩	1	1	明明就是广东生产的，为什么要装韩国写那么多韩文，还装着是进口我也是服了。	胶原蛋白面膜10片
远***光	0	1	不好用真不咋滴。也不好用	【紧致肌肤】胶原蛋白面膜
花***2	0	1	不知道是不是被人用过了，面膜的包装是打开的，这质量有点惊人	胶原蛋白面膜10片
d***q	0	1	收到面膜盒子被打开过，撕开面膜袋子的口子也不平整，感觉是假货	胶原蛋白面膜
****g	0	1	没有商家说的那么好用	【光滑弹嫩】胶原蛋白面膜
u***4	0	1	没收到货没收到货没收到货没收到货，点其他收货的时候不小心点了面膜。京东在线客服处理不了，官方电话打了多次接不进去。	胶原蛋白面膜10片
金***猫	1	1	感觉不错上面不应该贴有中文标签而且是广东某公司	胶原蛋白面膜10片
名***了	0	1	说换新包装忽悠谁呢，其实就是山寨货怪不得有满那么好的事	胶原蛋白面膜10片
是***呀	1	1	快递员未通知直接放门口走了	【光滑弹嫩】胶原蛋白面膜
****f	1	1	买的时候打开快递盒，里面盒子都开了，好有几个也有折损，问客服怎么回事也不回我	【弹力紧致】胶原蛋白面膜
****s	0	1	前天买的今天就便宜三十多，保价保不了，包装破烂，像是被拆封过的	【提亮紧致】胶原蛋白面膜
t***l	0	1	刚下单就降价了，送了一点都没有用的礼品就不给保价了。坑坑坑物流很快，快递小哥很给力。	胶原蛋白面膜
天***知	0	1	精华液越来越少，面膜纸也不好了，我都怀疑是假的。	胶原蛋白面膜
****T	0	1	您没有填写内容，默认好评	【光滑弹嫩】胶原蛋白面膜
****红	0	1	用了之后脸上全是红豆子	【光滑弹嫩】胶原蛋白面膜
小***爹	1	1	跟朋友从韩国带的完全不一样，用着不舒服，干干的	胶原蛋白面膜10片
w***3	1	1	京东的物流就是快，但是面膜是被打开的，有点受不了	胶原蛋白面膜10片
u***2	0	1	感觉上当了还是别买	【提亮紧致】胶原蛋白面膜
u***h	0	1	您没有填写内容，默认好评	【光滑弹嫩】胶原蛋白面膜
b***9	0	1	跟我在免税店买的不一样估计是假货买了盒都试了一下用着感觉不好	胶原蛋白面膜10片
****3	0	1	先不说东西是不是正品就冲这的包装我也不想再买了每次都是这样和客服说了也不会好好包装一下	胶原蛋白面膜10片
L***8	1	1	里面的面膜有些部位是干的，根本就没有完全泡开的	【莹润肌肤】胶原蛋白面膜
****v	0	1	速度确实快，商品也不知道是不是正品，因为一扯开快递包装里面的面膜就掉出来了，面膜包装盒坏的。	胶原蛋白面膜10片
u***1	0	1	啥情况这次买的精华少敷一会就干了买了好几回了怎么这次的面膜大不如以前	胶原蛋白面膜
王***妹	0	1	精华水少的可怜，敷在脸上恨不得都干了。	【光滑弹嫩】胶原蛋白面膜
彩***头	1	1	不好用，不好贴，水分少，不要贪小便宜	【光滑弹嫩】胶原蛋白面膜
****f	1	1	不得不吐槽这个白色盒的面膜，里边一点精华液都没有，敷不到分钟就感觉的拔干，	胶原蛋白面膜
u***c	0	1	面膜都是干的，补水，用了皮肤泛红	【盈润光滑弹嫩】胶原蛋白面膜
u***q	0	1	很干，精华很少很少，买了很多次，体验最差的一次	胶原蛋白面膜
****z	0	1	感觉不是正品，用了后脸上老是起红疙瘩，之前用的都没有	胶原蛋白面膜10片
容***0	0	1	贵，个人感觉不适很好用。虽然快递快但是服务不好。在京东不就是讲服务吗	胶原蛋白面膜10片
u***s	0	1	用了分钟脸蜇疼，取了不敢用了，不知道是真是假	【提亮紧致】胶原蛋白面膜
水***1	1	1	不好用，一点水都没有	【盈润光滑弹嫩】胶原蛋白面膜
锁***空	1	1	快递外包装没问题，但是三个产品包装盒中有一个被人为打开过，并且没有密封	胶原蛋白面膜
****6	0	1	买了几次一直都挺好的，这次买脸上有刺痛的感觉，以后不会再光顾了。	胶原蛋白面膜
****k	0	1	昨天下单今天就收到了，但是打开包装袋就是这样的，遭遇了什么这是，破破烂烂的，也怀疑是不是正品	【提亮紧致】胶原蛋白面膜
梧***5	0	1	双十一拍的，今天就到了，但为装盒是拆开过的好像被人换货了呢买了两盒都是包装拆开的，心情不好	胶原蛋白面膜10片
丶***丶	1	1	包装敢不敢再简单点就一个塑料袋子，小纸箱都不套个，打开就不想用的感觉	胶原蛋白面膜10片
木***2	0	1	觉得划算买了几盒，也信任京东，结果用了脸上长好多红点点，一团都在发烫	胶原蛋白面膜10片
o***o	1	1	质量明显缩水，签订完毕味道不同，水分少了，貌似假货	胶原蛋白面膜
h***3	0	1	我怀疑我买的是假的面膜，和之前的不一样里面的精华液基本没有	【弹力紧致】胶原蛋白面膜
****0	0	1	干巴巴，没有水份。粗糙。	【提亮紧致】胶原蛋白面膜
孟***汤	1	1	面膜偏干，过少。	【提亮紧致】胶原蛋白面膜
i***5	1	1	刚拿到手，盒子已经被完全拆开了，严重破坏，里面究竟是原装的还是被掉了包的都不知道了。同时寄来的另两盒面膜以及外包装都没有问题，因此这应该不是挤压所致，而是人为因素	胶原蛋白面膜10片
****y	0	1	我觉得不是正品吧，面膜纸觉得很干，袋子里一点精华都没有，跟实体店买的不一样	【弹力紧致】胶原蛋白面膜
****1	1	1	基本没效果，连补水效果都没有白白花了二百多买了四盒	【弹力紧致】胶原蛋白面膜
u***8	0	1	这次买的是假的，跟以前不搞活动时，买的不一样，这次盒，便宜没好货，还是不要贪便宜的好	胶原蛋白面膜
****5	0	1	简直干到不能用，没有水，纸一张	【光滑弹嫩】胶原蛋白面膜
****n	0	1	精华液非常少，而且一会儿就干了，用着没有效果	【弹力紧致】胶原蛋白面膜
w***0	0	1	拿到的时候就是开的，不知道是店家故意给我发的本来就坏的还是颠成这样的，都不敢确认是不是假的了，懒得换	胶原蛋白面膜10片
****4	0	1	精华少，补水效果差，紧致效果不明显感觉是假货	【莹润肌肤】胶原蛋白面膜
S***1	0	1	货到了就是这种情况，包装都烂了，底口自己打开了，我都不晓得该不该怀疑产品有问题了	胶原蛋白面膜10片
_***s	0	1	面膜纸和精华都和以前买的不一样，和以前感觉差远了，不知道是假货还是新包装	【弹力紧致】胶原蛋白面膜
Z***X	0	1	使用了这款，比专柜买的膜小了一圈，而且里面精华也没那么多，不会买到假货了吧	胶原蛋白面膜10片
u***m	0	1	普通补水面膜冒充胶原蛋白面膜	【光滑弹嫩】胶原蛋白面膜
z***5	1	1	老婆说以前从用这个从不过敏，这次买回来的用一片过敏一片，也不知道是真的假的，。	胶原蛋白面膜10片
w***4	1	1	不知道被谁划开了，外包装好，你这是被退货过的吧不知道被谁划开了，外包装好，你这是被退货过的吧	胶原蛋白面膜10片
E***i	1	1	看看包装吧已经坏掉了京东变成这样了上次买还是纸壳的包装，这次就是塑料袋还坏了	胶原蛋白面膜
1***p	0	1	左边是朋友在实体店买的，我们一起旅游我用着感觉还不错，右边就是我在京东买的，制能走点心么	胶原蛋白面膜10片
u***k	0	1	看着销量买的效果一般般	【光滑弹嫩】胶原蛋白面膜
l***0	0	1	没有觉得很好用，补水还可以	【光滑弹嫩】胶原蛋白面膜
****j	1	1	感觉是假的用了脸很干，泛红精华很少面膜纸很厚	【弹力紧致】胶原蛋白面膜
e***u	0	1	未收到货，快递员为什么可以显示本人已签收	【光滑弹嫩】胶原蛋白面膜
****n	0	1	为什么不包装一下直接把两盒面膜装进袋子快递，寄过来面膜盒全部烂掉，看到都好嫌弃	胶原蛋白面膜10片
****9	0	1	打开都是没有封口的，不知道是不是正品反正跟之前买的不太一样，可能是因为打折所以给的次品吧。	胶原蛋白面膜
夏***来	0	1	快递包装是好的，里面面膜外包装破损严重	【弹力嫩滑】胶原蛋白面膜
暴***5	0	1	质量好差，用了一张之后不敢用，对皮肤有刺激过敏，感觉像假货	胶原蛋白面膜10片
****9	0	1	效果不好，用了和没用没啥区别，里面精华液也太少	【弹力紧致】胶原蛋白面膜
****w	0	1	极少精华，敷在脸上没几分钟就干了补水效果没效果	胶原蛋白面膜
u***q	0	1	不好用和水一样和我之前在买的完全不一样一点效果没有	胶原蛋白面膜
R***Y	0	1	昨天买的今天到贷，今天就做了一张，感觉是假的没有精华，还那么贵。	胶原蛋白面膜
****h	0	1	感觉跟假的似的，跟之前用的完全不一样，现在的不好用	胶原蛋白面膜
u***c	0	1	今晚用了一片，感觉没什么效果，跟没用之前差不多，还不如我以前用的。	
****4	0	1	这包装是被拆过吗，你能告诉我为什么东西拿到手面膜包装盒的膜呢，还是说这是别人退的东西	胶原蛋白面膜10片
D***g	0	1	包装被拆开了明明有勿拆包装怎么还搞成这个是不是脑袋有包在或者是不是被掉包了正品下次不会在买你的东西了	胶原蛋白面膜10片
1***5	0	1	活动的产品，给不做活动的产品应该不是一样的，里面的水液明显没有平时多，配送小哥服务挺好，	【弹力紧致】胶原蛋白面膜
木***-	0	1	就一层保鲜膜包着面膜，从来没有收到过这么差的包装，一度让我怀疑不是正品	【盈润光滑弹嫩】胶原蛋白面膜
u***n	0	1	面膜里没钢印，说是新批次才有，那为什么你旧批次的生产日期比人家新批次的生产日期还晚	胶原蛋白面膜10片
n***3	0	1	活动买的，实惠。就是京东快递，只有一小部分快递，会帮忙送货上门，一大部分快递，都不送货上门，这对买家如果买了大件商品，好麻烦的啊，而且货到付款的，不能刷卡，只能微信之类的。这两点要吐槽。	胶原蛋白面膜10片
乔***6	0	1	第一次尝试这款，用过后没有之前补水款滋润，脸蛋干干的	【提亮紧致】胶原蛋白面膜
l***x	1	1	肯定不是正品，之前韩国上学经常在店里买，味道练里面的面膜都不一样	【提亮紧致】胶原蛋白面膜
Z***5	1	1	不想说有多差了，以前买的都不会这样，好干，放在脸上一点水分都没有	胶原蛋白面膜
b***i	1	1	东西不错但是第二天就便宜了元买了不划算了	【光滑弹嫩】胶原蛋白面膜
s***丝	1	1	刚拿到手拆开发现有拆过的痕迹影响心情不想用了以后不在网上买了	胶原蛋白面膜10片
j***7	0	1	不知道是不是正品头一次见到这种包装，封口的透明圆形胶带压根没有封住包装口	【盈润光滑弹嫩】胶原蛋白面膜
****E	0	1	第一次用这个胶原蛋白粉隔天就长了几个痘痘没效果	【弹力紧致】胶原蛋白面膜
****l	0	1	还是说什么，打开包装都是烂的，外壳比图片更旧。造假也要像样点吧	胶原蛋白面膜10片
****r	0	1	应该不会是真的，因为价格比在韩国当地买的要便宜很多很多，人家说只有买错的没有卖错的，以后不会再相信京东了	胶原蛋白面膜10片
欢***l	1	1	。写着套装勿拆，结果收到就是被拆开的，如果是货物挤压造成的，难道你们就不能把封口弄牢固些卖这种拆开的给消费者，谁知道是怎么造成的	胶原蛋白面膜10片
长***念	0	1	相信我说句实话用了以后脸越来越干并且当时用完脸直接特别红了	胶原蛋白面膜10片
****m	0	1	用了一次，脸过敏，没敢在用。	【光滑弹嫩】胶原蛋白面膜
****u	1	1	黄盒的有密封贴，白盒的没有密封贴，一拿出来全散掉了，都不知道是不是正品	胶原蛋白面膜
妞***8	0	1	感觉买到了假货，以前的精华很多，这次买的很干，贴在脸上就干了	【莹润肌肤】胶原蛋白面膜
****a	0	1	晚上用完后，第二天起来脸上冒红点，泛红，吓我跳，难看死了	胶原蛋白面膜
u***3	0	1	物流是挺快的，但是不好用，面膜一打开贴上去越来越大，果然便宜没好货	【弹力紧致】胶原蛋白面膜
u***i	0	1	用了几天，没有之前买的水多，而且面膜纸也没有之前买的好，应该啊是正品	胶原蛋白面膜
****k	0	1	我的脸以前没过敏过，用了这个第二天脸就发痒长痘，都一个星期也没好，好恐怖	胶原蛋白面膜10片
-***-	0	1	质量变差了，面膜纸变厚了，精华液少了，光顾了几年的老顾客只能说声拜拜了	胶原蛋白面膜
恋***_	0	1	没什么，而且用完皮肤会比原来时暗沉。送货速度挺快，一颗星是给快递的。	胶原蛋白面膜10片
****r	0	1	没效果，亲自实践，不管美白还是补水	【光滑弹嫩】胶原蛋白面膜
z***1	1	1	包装上明明写着整套勿拆可拿到手一看已经是拆开的了，不知道是什么情况，是不是被调包了	胶原蛋白面膜10片
****I	0	1	包装盒是烂的，开封的贴纸没有了，一开张直接全部倒出来，第一次在京东买到这样的。	【提亮紧致】胶原蛋白面膜
****w	0	1	这次收到的面膜和之前使用的包装不一样，而且精华含量也不一样，精华少，感觉是假货	胶原蛋白面膜
青***浩	0	1	不好用的，没有乳液一样，干巴巴的	【光滑弹嫩】胶原蛋白面膜
左***飞	0	1	面膜怎么每片拿出来总有一块地方是干的不知道这算正常吗，但是不愉快，懒得拍图	【弹力紧致】胶原蛋白面膜
****c	0	1	一般般，没什么性价比。精华液很少。	【光滑弹嫩】胶原蛋白面膜
****a	0	1	没见过这么不走心的，包装用袋子不说，面膜明显已经被开过了	胶原蛋白面膜10片
****3	0	1	里面面膜完全就没什么精华面膜都贴不上去	【光滑弹嫩】胶原蛋白面膜
1***p	1	1	还没有用，不知道效果怎么样但是外包装就让我不抱太大希望了，外面都漏了，以后包装能不能好点，不过快递倒是挺快的，这颗心是给快递的	胶原蛋白面膜10片
****5	0	1	感觉像货，以前经常用这个牌子的，和在屈臣氏买的不一样。用完后脸发红又痒货，不再相信京东了	胶原蛋白面膜10片
****c	0	1	别买双十一活动感觉挺便宜了囤了好几盒最近天气比较干就用了一片过敏了，敏感肌肤千万不能用会过敏	【提亮紧致】胶原蛋白面膜
我***喔	0	1	这款面膜精华太少，不联系购买，比超市的差远了，物流快递都挺快的	【弹力紧致】胶原蛋白面膜
珀***啦	1	1	跟以前买的不一样，那个布硬一些，不服帖，硬，里面的精华不粘稠	【盈润光滑弹嫩】胶原蛋白面膜
大***8	1	1	服务越来越差	胶原蛋白面膜
****r	1	1	总共十个，用的第二个打开发现有一根长头发，我醉了，不过打开了就说不清了没有意义	胶原蛋白面膜10片
****3	0	1	刚收到就降价，盒子很薄，和天猫旗舰店的感觉有差异。主要是刚收到活动又变了，还不给补差价	【提亮紧致】胶原蛋白面膜
****0	0	1	面膜真的不怎么样，不知道好评如何来的，基本没有什么水	胶原蛋白面膜10片
宋***1	0	1	两个眼睛的窟窿眼不一样大，拆啦没办法，千万不要买	【盈润光滑弹嫩】胶原蛋白面膜
****d	0	1	和实体店里边一样，然后贴在脸上，贴不住	【光滑弹嫩】胶原蛋白面膜
J***宪	1	1	第一次用买了五盒不知道效果如何价格倒是不便宜包装也压坏了有发票	胶原蛋白面膜10片
****v	0	1	本想着活动便宜两盒平常一盒好吧一分价钱一分货效果差很大很大瞬间不相信京东了	胶原蛋白面膜10片
****7	0	1	不好用啊官网差很多天天用。从不爆皮到三处爆皮洗洗睡吧。不敢用了	胶原蛋白面膜10片
****x	0	1	以前还可以，现在越来越不好了，面膜原液太少，十分钟不到就干了	胶原蛋白面膜
G***1	0	1	为什么和我用的其它可莱丝面膜不一样干了以后闻起来有一点臭臭的木耳味	胶原蛋白面膜10片
w***7	0	1	不怎么样，有味道，应该是假货，跟以前代购味道都不一样，不能图便宜	胶原蛋白面膜10片
小***h	0	1	这次和之前的不一样了用几盒了这次膜布也差还没效果就像没用这是怎么回事希望京东不要有假货	胶原蛋白面膜
花***9	1	1	用了两张了，感觉都没什么水，干干的	【光滑弹嫩】胶原蛋白面膜
滴***溜	0	1	换配方了说是升级但是没有以前的好一股甘油味道肤感也不一样了。	【盈润光滑弹嫩】胶原蛋白面膜
****H	0	1	面膜没有想象的那么好，一点水份都没有。还不如我平时买的几块钱的面膜好，在也不买这款面膜了	【弹力紧致】胶原蛋白面膜
兰***5	0	1	冲着这个销量来的，跟了风，但效果真的不咋样，还比不上一些一般的品牌	【提亮紧致】胶原蛋白面膜
是***啊	1	1	面膜叠的乱七八糟的都没办法往脸上贴	【光滑弹嫩】胶原蛋白面膜
a***9	0	1	还没来用，用了另外一款，和朋友在香港买的是不一样的，包装字体，用后感觉，面膜纸，都不一样	胶原蛋白面膜10片
钱***生	0	1	确定这是用钱买的我怎么感觉跟大街上捡来的一样么，这包装还进口呐	胶原蛋白紧致面膜25ml*10
g***d	0	1	精华液好少，贴上去干巴巴的，下次不买了	【光滑弹嫩】胶原蛋白面膜
北***貝	0	1	这包装也是，就是塑料袋子，外包装完全变形。我买一袋辣椒，人家还用纸盒包装辣椒才面膜两袋两百了。	胶原蛋白面膜10片
幸***人	1	1	包装是这样的，套装勿拆是这样的，开口我就不说了，另外怎么还粘着胶带呢，不明白。	胶原蛋白面膜10片
南***西	1	1	很一般呀，用完没什么变化，还不如美即适合我。不知道为什么那么多人说好用。	【弹力紧致】胶原蛋白面膜
o***e	0	1	应该不是正品，原本皮肤还好的，用完这个面膜，额头脱皮脱的一塌糊涂，吓死人了	胶原蛋白面膜10片
龙***8	1	1	包装一开就是坏的	【光滑弹嫩】胶原蛋白面膜
z***0	0	1	撕开面膜有好几块地方都是干的，敷这么多年面膜头一次碰到这种情况。感觉面膜纸在吸我脸上的水。我还一口气买了六盒。	胶原蛋白面膜
****x	0	1	包装不精美，就是一个袋子套着，上面写着套装勿拆，但是已经被拆开了，有调包和假货的感觉。退来退去也觉得麻烦，不靠谱。	胶原蛋白面膜10片
****3	0	1	到货都这样了辣鸡阿	【光滑弹嫩】胶原蛋白面膜
_***-	0	1	这个包装给大家感受一下，新世界的大门，挺无语的反正	【光滑弹嫩】胶原蛋白面膜
啦***0	0	1	不知道什么原因，一敷这个面膜，脸上狂冒痘痘，原本一点痘痘都没有的脸	胶原蛋白面膜10片
雅***4	0	1	一直用这个牌子，也经常在京东买，这次发现有一盒是假货，面膜质感不同香味也不用，面膜也没那么贴合脸部。	胶原蛋白面膜
y***辉	0	1	这次买的跟之前完全不一样，面膜没有之前那么贴合，大小也不一样，也没有之前的水润	胶原蛋白面膜
u***i	0	1	没以前的好用精华少了还有面膜变厚了不知道是还厂家了怎么的有点怕买到假货了	胶原蛋白面膜10片
y***n	1	1	虽然不是当前产品，但也是美迪惠尔一家的面膜。之前买的美迪惠尔Mediheal茶树面膜片，今天第一次打开，第一片就是空的，只有面膜液却不见面膜面膜去哪了	胶原蛋白面膜
****f	1	1	面膜贴超大，尤其眼睛那块，一直用这个牌子，比之前买的精华液少了很多，不知道是不是正品，	【弹力紧致】胶原蛋白面膜
t***7	0	1	精华液不多，贴在脸上一会儿就干了，那么多好评难道是刷出来的	【莹润肌肤】胶原蛋白面膜
z***2	0	1	很失望，收到的货写着套装勿拆，但是两盒面膜全都拆开了。面膜盒底部粘胶地方是开的，怀疑面膜被换过。快递盒子完好，但是里面的面膜盒子是坏的，说明寄出的时候明知盒子坏的还是寄出了，使用了一片，没发现什么效果	
****r	0	1	为啥和我以前买的不一样，这次精华好少，面膜纸也很硬，上面还印了字母，以前买的没有印字母	胶原蛋白面膜
m***V	0	1	我不知道有没有人跟我一样的疑惑，第一次买的时候还可以扫描出来第二次买压根儿没反应，扫描直接就显示没有此产品，用完之后也没有以前的效果买了好几盒，心里都别扭是不是假的	胶原蛋白面膜10片
u***1	0	1	黄色的用完以后居然过敏，我的皮肤从来不过敏的，这是我二十多年来用了以后唯一会过敏的护肤品	胶原蛋白面膜10片
古***哒	1	1	买了几百块钱后才发现，和实体店买的包装是一样，却大不一样，买的不是进口正品货，而且国产代理加工的，早知道就不买了，而且包装不好，就拿个快递袋装着，都把盒子压扁了	胶原蛋白面膜
****h	0	1	买来好几天了今天刚用里边精华非常少面膜纸都干了不知道剩下的几贴怎么样下次再用再追评吧	胶原蛋白面膜
u***r	0	1	这盒面膜尽然没有贴密封贴，之前买的还有，并且一起买的另一个也有密封贴，这个没有严重怀疑是凑数的	胶原蛋白面膜
****e	0	1	个人觉得面膜不咋地敷过感觉像中毒了一样	【光滑弹嫩】胶原蛋白面膜
l***5	0	1	不好用，一点都不补水，用完之后还是干干的	【光滑弹嫩】胶原蛋白面膜
角***站	1	1	这款超市没有，没有对比但是背后的条码也是被贴掉了，新的码查不出来，显示错误码，不知道这款是真是假了	胶原蛋白面膜
满***儿	1	1	盒面膜，虽然是活动时买的，但是不能因为活动价买的就发这种被拆过包装的货品吧	
u***3	0	1	不建议买，跟之前朋友跟我在香港带的不一样，好差，面膜是那种粗粗的，里面的精华也不是很多	胶原蛋白面膜
****e	0	1	这款不建议大家买，面膜纸皱乱不堪，敷脸上时间一到都能敷出印子，或许不是热门款，一点也不重视	【弹力紧致】胶原蛋白面膜
u***u	0	1	我只能说，我和之前从韩国买的不一样，刚用完，不然我会发图让大家对比一下了	【光滑弹嫩】胶原蛋白面膜
叶***-	1	1	没精华，干干的，假的吧跟之前我用的不一样	【光滑弹嫩】胶原蛋白面膜
七***气	0	1	不是正品，和屈臣氏和韩国带回来的包装不一样，里面东西也不对。屈臣氏的用了脸上皮肤光滑不起痘，这个用了脸上长痘。	胶原蛋白面膜10片
a***r	1	1	全是拆开	胶原蛋白紧致面膜25ml*10
****v	0	1	京东的东西难道也开始不靠谱了以前很相信京东的，但是今天收到东西打开后发现，明明写着套装勿拆，为什么是打开的蓝色的还好，无破损	胶原蛋白面膜10片
j***n	0	1	买了三盒，京东纸盒完好无损，茶树面膜盒包装破损且压根没有胶条封口，这盒封口胶条翘起没粘住，看着一言难尽我只好手动粘了一下品牌炒起来了，但包装如此不走心商品本身怕是也不会用心到哪里去。	【莹润肌肤】胶原蛋白面膜
x***1	1	1	活动力度是挺大，但和平日购买的使用的感觉不一样，这个没什么效果，含液量太少，而且不光滑	胶原蛋白面膜
u***x	0	1	跟以前不一样，精华好少，看到做活动一次性买了盒，然后敷分钟就干了，撕开里面的面膜有的地方还是干的	【弹力紧致】胶原蛋白面膜
嘟***a	1	1	买了几天每盒就降了十块钱，联系客服无应答，贴了脸上起痘痘，也有可能个人肤质的问题，但是不排除别的原因，收到东西的时候盒子是扁的	胶原蛋白面膜10片
u***p	0	1	这次真的感觉是假的，用着没有之前的保湿，这里的液体就和水似的不粘稠，而且上几天腾讯爆出几款批次有问题的面膜就有美迪惠尔。真是醉了	胶原蛋白面膜10片
****a	0	1	我媳妇一直用这个牌子的，一直都挺好，我京东买寄给她，用了几天，脸上起红痘痘，过敏了，她一直在实体店买的，呵呵网上假的不是一般的多，喝，她平时买的不一样，劝大家不要图方便，到时后悔莫及	胶原蛋白面膜
****2	0	1	不好用，贴在脸上不顺滑，没有别的牌子好，不知道好评怎么来的，像是假的。	【盈润光滑弹嫩】胶原蛋白面膜
昊***雯	0	1	乳液太少	【盈润光滑弹嫩】胶原蛋白面膜
伊***尘	0	1	快递连个盒子都没有就算了，包装连个塑料薄膜都没有能穷到这个地步	【光滑弹嫩】胶原蛋白面膜
****f	0	1	很喜欢用这款面膜，多次购买，但每次这个黄色的面膜的包装盒都是开口的，而且还会有些被挤压变形等状况，蓝色的那款就不会且还是封口的，因为喜欢所以一直买，总是认为不封口只是偶尔的状况，其实不是，每次如此，所以现在不太敢买了。	【提亮紧致】胶原蛋白面膜
秀***秀	0	1	面膜不知道放了多久，里面都干了，没有多少精华液，连着开了三袋都是一样，为什么不发新品，发的都是老库存	【提亮紧致】胶原蛋白面膜
S***8	0	1	好久没来买了，之前觉得挺好用的，刚刚发现面膜纸变粗糙了很多，精华也变得稀薄，好吧，感觉面膜可能是假货，以后应该不会回购了	胶原蛋白面膜
J***0	1	1	头一次用到两片一起的面膜这是正品会出现的情况吗关键是两片分开来一看完全没有什么水分请问能敷吗搞不好把我脸上的水吸干了	胶原蛋白面膜10片
****之	0	1	打开的时候面膜纸有的地方还是干的，袋子里的精华液都挤出来也不足以让整片面膜水润，干巴巴的敷上了，都怕倒吸	胶原蛋白面膜
****H	0	1	问题有两个。，刚从快递站拿出来的，其他的包装都完好无损，但是贵店的包装让我实在不敢恭维。二，请问这个正品验证怎么用	【光滑弹嫩】胶原蛋白面膜
j***x	0	1	我很认真的说，这次买到的百分之百是假的，之前我买过好多次，面膜的感觉是粘粘的，很舒服，这次买的面膜颜色也不一样，就是一泡水	胶原蛋白面膜
u***j	0	1	我觉得不是正品。我以前一直让朋友从韩国买的。面膜纸比这个薄也比这个大。这个面膜纸居然遮不完脸。然后按摩的时候面膜纸居然起棉球。京东物流是厉害的。我想是京东自营所以应该没问题。搞活动买的。所有都拆开了。也不退了。但是真的不是正品	胶原蛋白面膜10片
****c	0	1	水份少，偏干使用感受无滋润感适合肤质无补水效果不好贴合效果就像一张纸其他特色	【提亮紧致】胶原蛋白面膜
夜***仔	1	1	包装都坏了，有一个里面盒子都开了，里面的独立包装尽然没有塑料皮包裹。第一次在京东买东西内外包装都破了，要不是不贵，还以为假货调包了呢	【光滑弹嫩】胶原蛋白面膜
赛***c	1	1	怎么说呢，感觉像是不良品，孔位裁剪不到位，偏差很大，以前买了那么多面膜都好着呢，唯独这个用着。孔位不正的不良品咱就不要拿出来卖了好吗	【光滑弹嫩】胶原蛋白面膜
十***5	0	1	面膜没有水分和精华，都干了，不知道是不是时间长了。	【光滑弹嫩】胶原蛋白面膜
T***下	0	1	今早用了一贴，感觉不想正品，面膜都盖不住脸，我的脸属于瘦小型，并找人验了，不是正品，而且到货打开后发现包装盒已经拆封了。	胶原蛋白面膜10片
妍***J	1	1	昨天下单的，今天收到了，这是第一次购买，拆开后发现盒子上原有的条码被新条码覆盖，不明白商家为何如此操作，明明有条码为什么要重新贴一个条码上去遮住原有的让我有所顾虑，毕竟是贴在脸上的东西，担心是假货，对皮肤造成伤害。	胶原蛋白面膜
a***7	0	1	感觉一般般吧，买了两种不同的，但是打开闻起来的味道是一样的，是不是假货不知道，但是用起来效果不太好，一般般	胶原蛋白面膜10片
秋***0	1	1	用过后有点痒，不是正品。，面膜的大小和我在韩国买的不一样，味道也有点不一样，最后用过后，脸不太舒服。我的脸是不过敏肤质的	胶原蛋白面膜10片
x***a	0	1	面膜很干，一点水分都没有，贴在脸上几分钟，真的就几分钟，就干了现在扔掉了，我只是分享我的使用效果，真的很不满意其实这个牌子我之前用过，效果还挺好，不知道这次买的为什么是这样，我看评论挺好的，还是就我买的踩雷了，	【弹力紧致】胶原蛋白面膜
最***桥	0	1	一收到货发现包装都是坏的是不是假货呀而且面膜打开之后，鼻子这里是干的。产品有问题。不要买。	【光滑弹嫩】胶原蛋白面膜
****d	0	1	用了一片效果不错，用完脸滑滑的，之所以给两星因为他是韩国产的，为什么咱们国家就不能生产这么好用的呢，xx期间还买韩国面膜，真心自责中，这次是凑单买的，下次不买了。谁知道好用的面膜推荐下。靠还有敏感话语啊，改一星了	胶原蛋白面膜10片
c***3	1	1	不知道是真是假，买了黑色和黄色包装款，但是产品的外包装日期的生产格式差别比较大，一个分行字排版，一个是一行字排版完。问店铺为什么格式不一样，店家说，人还长不一样。感觉没get到点上。一直在说人长不一样，还有美丑区别。回答不令人信服。商品是同一类型的，虽然款式不一样，生产日期排版也那么随意吗给的解释不满意。懒得扯皮退货之类了。不过如果有懂的买家也可以帮忙回答	胶原蛋白面膜10片
u***q	0	1	第一，面膜纸硬，不贴肤第二，精华少第三，由于以上两点导致面膜贴脸上还有很多空气泡泡冒起的看着销量买的，结果大失所望，价位确实便宜，不过用自己脸上，。感觉对不起自己皮肤了	【盈润光滑弹嫩】胶原蛋白面膜
银***韵	0	1	用了多年的面膜，第一次用到会掉毛的，买了两盒，另外一盒已试用，掉毛包装随意我个人到不是很在意，就希望东西好就行，可掉毛出来好像没有买伴们说起，敷好后没法按摩，越按越搓出一些渣，觉得不舒服虽说客户已经给了解释但心里还是疑惑，毕竟卖到十多块一片的面膜，应该不会有这些让人不舒服的感觉	胶原蛋白面膜
美***妈	0	1	要买的慎买完全不贴合客户还告诉我是是面膜不是眼膜眼睛周围完全敷不到额头只能敷到三分之二不到本人脸不是大脸用了这么多面膜从来没有这种情况因为我收到货就把盒子扔了要不然会果断退货；	【光滑弹嫩】胶原蛋白面膜
杨***n	0	1	补胶原蛋白的面膜整张面膜拿出来就好像要干巴了一样到脸上就别提敷到脸上的感觉了这是京东旗舰店上买的几乎为零使用感受面膜贴到脸上我不知道会不会掉下来	【盈润光滑弹嫩】胶原蛋白面膜
蓝***4	0	1	促销的时候买的，跟朋友带的包装不一样，使用感也差，细看能看出来。怎么京东自营店也卖这种啊	胶原蛋白面膜10片
水***6	0	1	京东有活动，看着销量也不错，四款就各买了十贴，收到货就用了一贴，太难用了。这款黄色的面膜偏干，精华非常少，用后脸上没有水润的感觉。不知道其他款怎么样。建议别买这款黄色的。京东速度还是不错的，次日达，很满意	【盈润光滑弹嫩】胶原蛋白面膜
x***3	0	1	黄色没有蓝色的水多，其实我之前买了片，现在已经用的差不多了，效果呢，不瞒大家，没啥效果，皮肤还是干。为啥还买呢，因为我确实不知道其他还啥牌子能好用觉得用了总比不用强，元盒，等发现更好的面膜了，果断就会放弃了补水效果没感觉产品质感薄，不好敷贴合效果一般使用感受没效果	【弹力紧致】胶原蛋白面膜
未***3	0	1	价格便宜，但是不好用，一点点大，精华太少，面膜比较干，贴上去几分钟就像一张白纸贴在脸上一样干的硬邦邦的，这样能补进去水吗，吸脸上的水还差不多啊	【光滑弹嫩】胶原蛋白面膜
****q	0	1	精华液太少了，贴上没一会就干巴巴的，面膜也是厚的，贴着不舒服，没有滋润的感觉	【光滑弹嫩】胶原蛋白面膜
****A	0	1	敷了这款面膜晚上睡觉马上起蚊子包配方不是激素超标就是化学物品反应厉害导致这款品牌我在台湾，香港，澳门都买过，从来没出现这种情况	【弹力嫩滑】胶原蛋白面膜
肥***哦	1	1	这次的面膜快递收到的时候纸箱就是破损的用了几年的京东还是头一次还有那个面膜包装盒有点像被撕开过的痕迹这次的面膜不知道是光线原因还是什么感觉有点泛黄不知道是不是调包了而且这次的精华少得可怜和之前的区别太大了	【光滑弹嫩】胶原蛋白面膜
L***洋	1	1	包装被打开了。很不开心	胶原蛋白面膜10片
周***日	0	1	是真的吗，包装太简陋了	胶原蛋白面膜10片
****y	0	1	没想到京东也能买到假货	胶原蛋白面膜10片
J***H	0	1	真心不好用假货，还那么贵	胶原蛋白面膜10片
s***3	0	1	假货，和我上次用的差太多。	胶原蛋白面膜10片
u***2	0	1	破玩意假的里面都没水	胶原蛋白面膜
是***啊	0	1	假货假货，收到全部已打开	胶原蛋白面膜
****Z	0	1	差劲，就不能好好的包装么	胶原蛋白面膜10片
1***p	0	1	刚买完就降价差评，非常差	胶原蛋白面膜10片
u***v	0	1	包装破损严重，不太清楚真假	胶原蛋白面膜10片
****y	0	1	太垃圾了，说到包装都是开的	胶原蛋白面膜10片
J***9	1	1	简直太失望了，包装破损严重	胶原蛋白面膜
新***6	1	1	半真半假不会再买了	【弹力紧致】胶原蛋白面膜
****c	0	1	假货跟我之前买的完全不一样	胶原蛋白面膜
****s	0	1	假的跟我之前买的完全不一样	胶原蛋白面膜10片
****k	0	1	假货，不能买，跟实体店完全两样	胶原蛋白面膜10片
****d	0	1	京东太恶心了，刚买完就降价	胶原蛋白面膜10片
1***4	0	1	有点失望，那包装有点不敢直视	胶原蛋白面膜10片
****r	0	1	因为打折，所以卖的烂货嘛，差评	胶原蛋白面膜10片
****2	1	1	每个盒子都被拆开过，我很愤怒。	胶原蛋白面膜10片
f***2	0	1	天才到货包装全破了恶心	胶原蛋白紧致面膜25ml*10
u***n	0	1	盒子都破了，差评，什么鬼快递	胶原蛋白面膜10片
l***7	1	1	包装越来越破烂了，感觉就是假货	胶原蛋白面膜10片
u***e	1	1	这次的太次了，都是开封的，不敢保真	胶原蛋白面膜10片
林***8	0	1	用了一个月才来评价的，垃圾	【弹力紧致】胶原蛋白面膜
****6	1	1	收到货时包装已经打开了，还挤的很烂	胶原蛋白紧致面膜25ml*10
****k	0	1	面膜包装盒没封口，真怀疑真假	【弹力紧致】胶原蛋白面膜
****b	0	1	到货直接开封的，差评，京东卸载，占内存	胶原蛋白面膜10片
愛***娜	0	1	垃圾用了一张就不会再用了	胶原蛋白面膜
****k	0	1	太差了，什么包装，完全是没有包装过	胶原蛋白面膜
****9	0	1	对京东商城处理事件的态度极度不满意	胶原蛋白面膜10片
****7	1	1	京东太差劲全是假货还不及时发货	胶原蛋白面膜10片
s***l	1	1	有拆开的痕迹，本次购物很遗憾	胶原蛋白面膜10片
****ヽ	0	1	京东的包装，怎么会这样，两盒都破了，差评	胶原蛋白紧致面膜25ml*10
6***m	0	1	太差了便宜没好货几乎没啥水分	【弹力紧致】胶原蛋白面膜
****s	0	1	看来大家评论的都是真的快递太简陋了	胶原蛋白面膜
大***儿	0	1	上当了，以为京东没有假货我错了，不再买	胶原蛋白面膜
****h	0	1	这次买的不好，精华太少了，差评	胶原蛋白面膜
樊***6	0	1	假的，用完严重的脱皮和长痘	胶原蛋白面膜10片
耿***6	0	1	这次买的跟之前不一样质地很薄	胶原蛋白面膜
m***6	1	1	用了很痒，看来这次买到假货了	胶原蛋白面膜10片
C***林	1	1	这个面膜让我很失望，不好用，差评	胶原蛋白面膜10片
u***n	0	1	拿回来盒子都压扁了，这个包装真是无语了	胶原蛋白面膜10片
****0	1	1	收到货都是已经拆开的产品，差评差评差评	胶原蛋白面膜10片
玮***双	0	1	严重怀疑假货，严重怀疑假货，严重怀疑假货	胶原蛋白面膜
****c	0	1	假货，我很少会给差评，但是这次真的很失望	胶原蛋白面膜
****t	0	1	拆开快递就是这样，真糟心不是正品吧	胶原蛋白面膜10片
胡***7	0	1	这包装真垃圾，影响心情	【提亮紧致】胶原蛋白面膜
o***n	1	1	太差了敷到脸上蛰的很	【弹力紧致】胶原蛋白面膜
****6	0	1	包装粗糙，是正品不气死我了。	胶原蛋白面膜10片
k***m	1	1	千万别买，就是家坑货店	【提亮紧致】胶原蛋白面膜
慧***6	1	1	假的太假了姑娘们。别被骗了	胶原蛋白面膜
****f	0	1	假的面膜再也不买你家的了	胶原蛋白面膜10片
我***呀	1	1	京东越来越垃圾了昨天买的面膜今天就便宜	胶原蛋白面膜
****2	0	1	刚买一天就降价，这利润也太大了	胶原蛋白面膜10片
王***引	0	1	太失望了这包装还不如不包	【提亮紧致】胶原蛋白面膜
****N	0	1	盒子是烂的，有一种被欺骗的感觉	胶原蛋白面膜10片
奥***q	1	1	差评差评，包装这个样子，确定不是用过的	【提亮紧致】胶原蛋白面膜
H***N	0	1	没信誉，京东现在售后服务太差	【提亮紧致】胶原蛋白面膜
幸***丽	0	1	买了两盒面膜，都是扫码扫不出来假货失望	胶原蛋白面膜10片
****O	0	1	不知道是不是正品，面膜纸太厚了。	胶原蛋白面膜
王***煌	0	1	扯开的时候包装是打开的。差评	【提亮紧致】胶原蛋白面膜
****t	0	1	感觉特别劣质，京东自营也不敢信任了	胶原蛋白面膜
樱***1	0	1	严重破损变形，希望包装不要太随意	胶原蛋白面膜10片
1***p	1	1	非常不好，沒有什麼水分	【提亮紧致】胶原蛋白面膜
u***9	0	1	买来送人的，包装很差，到货破损严重。差评	胶原蛋白面膜10片
****v	0	1	晕，假货，整张脸都贴不到，一次就够	胶原蛋白面膜
B***D	0	1	的吧味道不对，精华也稀	胶原蛋白面膜10片
1***p	0	1	包装太简陋，太差，东西都压坏了，京东一点不可靠了。	胶原蛋白面膜10片
R***a	0	1	垃圾，价格一天一个样，服了	【提亮紧致】胶原蛋白面膜
****2	0	1	面膜太小，脸太大，所以不及格	胶原蛋白面膜10片
****p	0	1	面膜也太小了吧，失败的一次网购	胶原蛋白面膜10片
R***T	0	1	面膜太小了，一张脸都敷不完	胶原蛋白面膜10片
9***号	0	1	垃圾货和地摊货一样一样的以后再也不买	胶原蛋白面膜10片
Q***v	0	1	很不满意，假货，假货，假货，	胶原蛋白面膜10片
小***微	0	1	真的很一般不知道为什么买的人还多，	胶原蛋白面膜
****t	0	1	这是什么鬼，居然是拆开的，这还是正品吗差劲	胶原蛋白面膜10片
打***途	1	1	封口铁那里是打开的，垃圾	【提亮紧致】胶原蛋白面膜
****3	0	1	太差劲了，包装盒都开了	【光滑弹嫩】胶原蛋白面膜
****w	0	1	价钱不稳定，一会原价，一会五折，买贵了只能差评	胶原蛋白面膜
玩***人	0	1	怎么这么干还是补水的真货还是假货啊	胶原蛋白面膜
陌***9	0	1	先不说商品如何，就面膜的包装，说实话太像地摊上的货了。	胶原蛋白面膜
****i	0	1	这个真不好，精华液太少了，失望	胶原蛋白面膜10片
1***4	0	1	用过的性价低最低最差的面膜，没有之一	【弹力紧致】胶原蛋白面膜
a***a	0	1	差评，刚刚买不到小时就降价	【光滑弹嫩】胶原蛋白面膜
Z***6	1	1	太垃圾了，这面膜都没有精华液的	【提亮紧致】胶原蛋白面膜
似***4	1	1	刚买回来没用呢，就涨价是什么意思，很生气	胶原蛋白面膜10片
无***草	1	1	上面显示第二天到，结果第四天才到，很不满意。	胶原蛋白面膜
****s	0	1	假的，用了三片，每次脸都过敏，真是无语透了	胶原蛋白面膜10片
u***2	0	1	面膜太小了，根本覆盖不了整个脸	胶原蛋白面膜10片
陈***9	0	1	假的，用这么多面膜没用过这么垃圾的	【弹力紧致】胶原蛋白面膜
****8	1	1	效果很差，用过皮肤干，怀疑是假货。	胶原蛋白面膜
K***心	1	1	去年十一月到今年月，此产品单盒价格多次是元没盒，好坑	【弹力紧致】胶原蛋白面膜
x***y	0	1	一点都不好，再也不会买了	【弹力紧致】胶原蛋白面膜
****R	0	1	两盒面膜都被打开了，包装盒全都是破损的，绝壁是假货。	胶原蛋白面膜10片
****3	0	1	差评说买合送睡眠面膜都没有送	【盈润光滑弹嫩】胶原蛋白面膜
****i	0	1	自打从京东买东西以来体验最差的一回包装没一个是好的	胶原蛋白面膜10片
向***年	0	1	货呢货都没看到还签收了跑了几圈都找不到。购物体验超差	胶原蛋白面膜10片
许***0	1	1	没收到商品，为什么系统显示已签收让评价，不满意，非常不满意。	胶原蛋白面膜10片
u***2	0	1	刚收到货就降价了还不保价伤心真想退货再从新下单	胶原蛋白面膜10片
c***界	1	1	这次购买简直就是垃圾一样。和之前比查的远	胶原蛋白面膜
u***l	0	1	假的，大家别上当有激素	【盈润光滑弹嫩】胶原蛋白面膜
啊***耶	0	1	怀疑是假的，精华液很少	【光滑弹嫩】胶原蛋白面膜
m***6	1	1	精华太少，刚敷上就干干的	胶原蛋白面膜
S***M	0	1	产品越来越假了，没有以前好用，差评差评差评	胶原蛋白面膜
火***4	0	1	从来不再京东差评，这次给个烂的打开的什么意思，不再买这牌子。	胶原蛋白面膜10片
****e	0	1	不好用，感觉是假的，不要买这个了买了绝对后悔	胶原蛋白面膜10片
****k	0	1	超级难用我怀疑买假了一点效果都没有	【提亮紧致】胶原蛋白面膜
****m	0	1	同一家店买的两盒，为什么这个盒子是被拆开的，严重差评	胶原蛋白面膜
c***2	0	1	水汽很差我在京东购物快六年了，第一次给差评	【弹力紧致】胶原蛋白面膜
****W	0	1	最难用的面膜，还不如美即，很厚不吸收	胶原蛋白面膜10片
****e	0	1	什么面膜卖的这么贵，结果买回来是假的，商家	【提亮紧致】胶原蛋白面膜
乐***君	0	1	这个包装直接就烂开了，一共买了两盒感觉两盒都是假的，差评吧	胶原蛋白面膜10片
a***u	1	1	面膜大到不可思议，用过最差的了。	【弹力紧致】胶原蛋白面膜
z***a	1	1	精华太少了面膜有的地方都是干的	胶原蛋白面膜
李***8	0	1	特别垃圾精华液几乎没有干巴巴的	胶原蛋白面膜
K***i	1	1	差评，乳液较少，使用后评价，没有其它品牌好用	胶原蛋白面膜10片
****8	1	1	差评，包装是是开的，没有密封。怀疑是不是正品	胶原蛋白面膜
****j	0	1	差评，第一次在京东买东西给差评，包装为什么都是被打开过了的	胶原蛋白面膜
天***3	0	1	到货盒子上的胶带都开啦，买完就降价，最差的一次购物体验	胶原蛋白面膜
大***装	1	1	一点不好以后不要买了不知道这么多的好评哪来的	胶原蛋白面膜
汝***儿	0	1	太差了，连箱子都没有，直接一个塑料袋甩过来，盒子都变形了，失望至极	胶原蛋白面膜10片
u***j	0	1	面膜真心不好一点水都没有谨慎购买	【提亮紧致】胶原蛋白面膜
u***i	1	1	差评，假货。跟上次买的贴不一个感觉，刺痛感很强。	胶原蛋白面膜10片
****u	0	1	精华太少了吧。而且敷完没什么效果	胶原蛋白面膜
****e	0	1	假货。用完第二天就起小疙瘩。反复用了好几次	胶原蛋白面膜10片
u***2	0	1	水太少了，不好用，根本不是进口的	胶原蛋白面膜
1***凤	0	1	快递很快，里面的精华液很少，不知道是不是假的	胶原蛋白面膜
****k	0	1	骗人的，说好买件赠一盒，收到货就盒没有赠的一盒。	【盈润光滑弹嫩】胶原蛋白面膜
6***玲	0	1	这什么鬼面膜，干巴巴的，一点都不好用，还那么贵	【弹力紧致】胶原蛋白面膜
w***t	0	1	包装太差，盒子都要破了，像被人拆开过。不知道是不是正品	胶原蛋白面膜
****g	0	1	差评，包装被拆，还少了一片，出差就懒得换了，下次不会再买了。	胶原蛋白面膜10片
你***吗	0	1	包装明显被打开的痕迹这种产品拿出来销售真的对于消费者来说好吗	胶原蛋白面膜10片
g***r	1	1	收到这样的商品，我很意外，盒子都破成这样了，还贴个封条请勿拆，算什么鬼	胶原蛋白面膜10片
****f	0	1	假货真是一颗星都不想给网购都是在京东买的这次真是失望	胶原蛋白面膜
****g	1	1	产品一般，价格太贵，京东快递员和客服人员服务态度越来越差。	胶原蛋白面膜10片
M***2	1	1	差评差评差评打开袋子，里面的盒子都是开着的，真的是非常差的购物体验	胶原蛋白面膜
于***珑	0	1	好像被打开过，包装粘贴条只有一个粘着，另一个直接开着的，真是令人怀疑	胶原蛋白面膜
****9	0	1	味道很刺鼻很难闻冲的人头疼	胶原蛋白面膜
u***p	1	1	里面精华液太少了并且包装破损差评	【提亮紧致】胶原蛋白面膜
重***政	1	1	双十一买的，包装破损太严重了，不知道是否正品因为包装都开了	胶原蛋白面膜
****e	0	1	没有一点效果，还过敏，一次很失败的网购	胶原蛋白面膜10片
****q	0	1	千万别买假冒伪劣产品脸过敏块毁容了	胶原蛋白面膜10片
不***猪	1	1	这是今年第一次给差评，包装盒压坏了，亲，能用纸箱子包装吗	胶原蛋白面膜10片
****2	0	1	这次买的像假货，之前有用过，给这次感觉完全不一样	胶原蛋白面膜
t***n	0	1	差评，包装明显是有人开过的，一直信赖京东，这次购物感觉太差了	胶原蛋白面膜
q***l	1	1	是假货吧。与以前买的不一样，太干了，精华液太少了。	胶原蛋白面膜
****n	0	1	包装盒都没有就一个袋子面膜盒子还被拆过。真的最差的一次购物	胶原蛋白面膜10片
****7	1	1	感觉买到了假货，和实体店品质不一样，差评	【提亮紧致】胶原蛋白面膜
****y	0	1	第一次使用，精华感觉不够啊，是我脸太干了吗，	胶原蛋白面膜
****g	0	1	我打开是这样，要差评吗这包装也太随意了吧，第一次在京东买东西，也是最后一次	胶原蛋白面膜10片
s***i	1	1	什么换快递员，什么时候修改评价，否则永远一星实则一星都不想给	胶原蛋白面膜
****s	0	1	刚刚买了就降价，联系客服，客服不管，态度极其差	【提亮紧致】胶原蛋白面膜
****1	1	1	第一次购物遇见这种包装和暴力快递，收到货简直惨不忍睹一言难尽，必须差评	胶原蛋白面膜
俏***影	1	1	包装太差劲了，里面的盒子都是变形的，有一盒直接拆开的，口都敞开	胶原蛋白面膜
瓦***拉	0	1	商家打着促销的名义卖过期产品，真是应了便宜没好货那句老话呀	胶原蛋白面膜10片
付***3	0	1	这个跟可莱丝有半毛钱关系吗感觉被骗了	胶原蛋白面膜10片
L***e	0	1	太气愤了京东怎么可以拆包装再卖给顾客产品让人非常质疑产品的真假	胶原蛋白紧致面膜25ml*10
****b	0	1	假的扫码根本就没有	胶原蛋白面膜10片
u***p	0	1	差评差评，拆开包装，四盒面膜全部都变形了，盒子都开了，一颗星都不愿意给	胶原蛋白面膜10片
Y***羊	1	1	包装太烂，商品一般。	胶原蛋白面膜10片
丶***丶	0	1	真假你们自己去晚上对比反正用完一脸油，痘痘狂涨，店大欺客	胶原蛋白面膜10片
李***龙	1	1	京东服务越来越差了	胶原蛋白面膜
_***_	1	1	精华液太少，面膜都是干的	【盈润光滑弹嫩】胶原蛋白面膜
a***7	1	1	太差了，比假的还要假，	胶原蛋白面膜
橙***想	0	1	无语买过第二天就降价了，京东你们不能欺骗我们消费者	胶原蛋白面膜10片
u***6	0	1	第一次买面膜是没有包装寄出的，收到都是烂盒子投诉无门那就差评	胶原蛋白面膜10片
****滴	0	1	打开外盒发现面膜盒居然被拆了那我就怀疑真假了	胶原蛋白面膜10片
****4	0	1	假的，假的，绝对是假的	胶原蛋白面膜10片
****8	0	1	包装太简陋了，盒子都完全变形，多一盒的面膜。像块钱的货。不满意。	胶原蛋白面膜10片
f***e	1	1	盒，包装全是拆开的，最搞笑的是，包装上还贴着请勿拆装，真是正品	胶原蛋白面膜10片
u***q	0	1	跟以前买到的不一样，精华很少，干干的	胶原蛋白面膜
****z	0	1	京东客服水平差到极点，指责消费者，不解决问题，对京东失望透顶，再也不会在京东买东西了	胶原蛋白面膜10片
s***拍	0	1	很干，精华太少，有的地方还是干的	【弹力紧致】胶原蛋白面膜
q***e	0	1	假的太明显，一股洗衣粉的味道，敷了不舒服	胶原蛋白面膜
闹***3	1	1	，不好用，和在国买的差了很多，面膜很厚	胶原蛋白面膜10片
k***7	1	1	京东包装太差劲了，收到盒子都是破的，只能自用，无法送人	胶原蛋白面膜10片
许***喜	0	1	从哪里发来的头天夜里买的，第二天早上就到了，真速度，我怀疑是我们村里别人卖的货	【弹力紧致】胶原蛋白面膜
家***宝	0	1	精华太少，不知道真假	胶原蛋白面膜
l***e	0	1	必须差评，竟然没有标签，盒子都是被打开的，严重怀疑不是正品。一星都不想给。	胶原蛋白面膜
高***霞	0	1	只想说，京东就是拿个塑料袋子发货的，盒子都被压坏了，都不知道是真是假了	胶原蛋白面膜10片
花***唴	1	1	这款，面膜真心差，真的很差，里面的质量真的很差，买了就后悔	【弹力紧致】胶原蛋白面膜
u***4	0	1	送到手是这样的，无语	胶原蛋白面膜
****s	0	1	不知道为什么收到是开的。是拆过的，第一次在京东买东西非常不开心，欣慰的是快递小哥人特别好。	胶原蛋白面膜10片
无***虎	1	1	包装盒特别破都开了气死了搞活动也不能拿破东西糊弄啊	胶原蛋白面膜10片
****a	0	1	包装都是开的，这也太敷衍了吧，怀疑是拆了包装换成了假的	【提亮紧致】胶原蛋白面膜
s***a	1	1	不是正品，用了脸很痒	胶原蛋白面膜10片
姣***光	0	1	包装非常差不知道是被压破了，还是本身就是破的差评	胶原蛋白面膜10片
康***-	0	1	我要的普通发票也不给，东西是假货，跟实体店买的差别太大了，商家祝你全家健康	胶原蛋白面膜10片
u***u	0	1	这次的面膜真的假的要死别祸害消费者了好吗脸都要用烂了	胶原蛋白面膜
红***-	0	1	第一次用这么难用的面膜不服帖精华液还特少不会再回购	【弹力紧致】胶原蛋白面膜
****。	0	1	直接就一个袋子装着寄过来的面膜盒子全压坏了买了好多次都是带盒子寄，这次非常不满意	胶原蛋白面膜10片
2***9	0	1	不好用，感觉质量非常差，没有什么效果	胶原蛋白面膜
X***颜	0	1	假货，谁买买谁上当。有一股难闻的味道。	【提亮紧致】胶原蛋白面膜
****飞	0	1	我买了三款面膜，其中两款产品扫码出来的不是面膜，而是手指套，求解包装盒是打开的，严重怀疑有掉包行为	胶原蛋白面膜
a***3	1	1	坑爹的京东，运费真黑啊，自营的两件商品元要运费，真尼玛黑啊，同样价格千万别在京东买了，垄断后坑死顾客。	胶原蛋白面膜10片
w***2	1	1	看了人家评论都说被拆开了，发货过来果然盒子被拆过，套装勿拆个字工作人员没看到，只能说京东人员都是瞎子	胶原蛋白紧致面膜25ml*10
薇***-	1	1	我不明白你们京东为什么买完就降价给一星都多以后我还就都给一星了买了四单单单买完降价京东你们是不是开耍了	胶原蛋白面膜10片
u***w	0	1	面膜跟脱毛膏这么敏感的东西包装这么差，各个都像被打开过塞假货进去的样子。	胶原蛋白面膜10片
努***吃	0	1	假的，一股大宝SOD蜜的味道，再也不会在京东买护肤了，太坑	胶原蛋白面膜10片
