user_name	is_plus	star_num	comment	commodity_type	type_index	star_index
****d	0	3	还没有用，所以不好评价	毛孔紧致黑炭面膜10片	4	1
****i	1	3	还可以吧一分价钱一分货。	毛孔紧致黑炭面膜10片	4	1
****f	1	3	一般般那，特价可以买买试试	毛孔紧致黑炭面膜10片	4	1
****t	0	3	刚收到货，等用了再作评价	毛孔紧致黑炭面膜10片	4	1
极***卜	1	3	速度挺快，包装烂的有点厉害	毛孔紧致黑炭面膜10片	4	1
x***4	1	3	没用呢。还不知道怎么样	毛孔紧致黑炭面膜10片	4	1
e***s	0	3	还没用，不知道是不是真货	毛孔紧致黑炭面膜10片	4	1
一***者	0	3	没看出啥效果真的真的	毛孔紧致黑炭面膜10片	4	1
u***x	0	3	包装盒烂了，还没用之后再评价	毛孔紧致黑炭面膜10片	4	1
****d	0	3	还可以，就是水有点少了	毛孔紧致黑炭面膜10片	4	1
u***c	0	3	刚开始用期待有好的效果	毛孔紧致黑炭面膜10片	4	1
N***S	0	3	第一次买，不知道怎么样	毛孔紧致黑炭面膜10片	4	1
****3	0	3	还可以吧没有用完一疗程	毛孔紧致黑炭面膜10片	4	1
****i	0	3	刚收到货，用了在来测评	毛孔紧致黑炭面膜	4	1
爱***-	1	3	还不错贴完面膜脸滑滑的	毛孔紧致黑炭面膜10片	4	1
木***华	0	3	价格优惠，就是不知道是不是正品	毛孔紧致黑炭面膜	4	1
C***2	0	3	还可以吧，不知道是不是真的，那么便宜	毛孔紧致黑炭面膜10片	4	1
****r	1	3	很好用，价格比实体店还要贵	毛孔紧致黑炭面膜10片	4	1
c***7	0	3	还可以吧用了会有一点点痒	毛孔紧致黑炭面膜10片	4	1
u***v	0	3	还行吧，没有达到预期的效果	毛孔紧致黑炭面膜10片	4	1
****l	0	3	还没用过，可条形码没扫出来	毛孔紧致黑炭面膜	4	1
u***q	0	3	没效果，还长了一堆痘	【紧致细腻】毛孔紧致黑面膜	4	1
g***8	0	3	敷了之后没有什么感觉	【紧致肌肤】毛孔紧致黑面膜	4	1
****b	0	3	太合适我的脸了太合适了	【紧致细腻】毛孔紧致黑炭面膜	4	1
宁***緣	1	3	元三件。还行。效果一般吧	毛孔紧致黑炭面膜	4	1
j***7	0	3	紧致毛孔没发现倒是挺补水的	毛孔紧致黑炭面膜10片	4	1
不***绚	0	3	面膜好油油性皮肤慎用	毛孔紧致黑炭面膜10片	4	1
姚***丶	0	3	凑单买的，不晓得好不好，看起还行	毛孔紧致黑炭面膜	4	1
****1	0	3	非常满意的一次购物，已经是第二次购买了。	毛孔紧致黑炭面膜10片	4	1
水***G	0	3	面膜快用完，效果没看见	【紧致细腻】毛孔紧致黑面膜	4	1
u***l	1	3	我想知道这个是正品吗	毛孔紧致黑炭面膜	4	1
宫***哥	1	3	还行吧，补水，没其它功效	毛孔紧致黑炭面膜	4	1
****z	0	3	物流很快，京东服务真的特别特别特别好	毛孔紧致黑炭面膜10片	4	1
****9	1	3	这是正品吗第一次京东买到这样的东西	毛孔紧致黑炭面膜10片	4	1
u***7	0	3	价格还可以，希望效果好。	【紧致肌肤】毛孔紧致黑面膜	4	1
陆***静	1	3	放在上班的地方被老鼠咬了。	毛孔紧致黑炭面膜10片	4	1
c***6	1	3	还可以吧，没有什么太明显的效果	毛孔紧致黑炭面膜10片	4	1
u***2	0	3	还没用，不知道有没有用，	毛孔紧致黑炭面膜10片	4	1
****6	1	3	冲品牌去的，先试试再说，希望好用	毛孔紧致黑炭面膜10片	4	1
****2	0	3	先用着，具体效果还要在看	毛孔紧致黑炭面膜10片	4	1
****h	0	3	用着补水还可以，包装都已经烂了	毛孔紧致黑炭面膜10片	4	1
****b	0	3	还没有用，不知道好用不好用	【紧致细腻】毛孔紧致黑面膜	4	1
z***6	0	3	只有我用后没效果吗，评价却挺高的	毛孔紧致黑炭面膜10片	4	1
曾***0	0	3	现在不知道效果怎么样，过十天在来	毛孔紧致黑炭面膜10片	4	1
****o	0	3	感觉还可以就是不确定是不是正品	毛孔紧致黑炭面膜	4	1
夏***風	1	3	在于我们之间有没有什么东西能够	毛孔紧致黑炭面膜	4	1
在***空	0	3	还没用，反正商品收到的时候被拆过了	毛孔紧致黑炭面膜10片	4	1
****k	0	3	用的不错团购的数量价格跟単价商品价格差不多	毛孔紧致黑炭面膜10片	4	1
没***询	0	3	没达到期待值使用感受还行吧	【紧致肌肤】毛孔紧致黑面膜	4	1
****g	1	3	收到货后试了一下，很不错	【紧致肌肤】毛孔紧致黑面膜	4	1
蓝***我	0	3	有点油腻，但是效果还是不错的	毛孔紧致黑炭面膜10片	4	1
b***0	1	3	面膜这种东西还是心理作用	毛孔紧致黑炭面膜	4	1
B***6	1	3	面膜超级划算还没有使用还可以的	【紧致肌肤】毛孔紧致黑面膜	4	1
y***0	0	3	搞活动的时候买，价格便宜，	【紧致肌肤】毛孔紧致黑面膜	4	1
****4	0	3	收到后包装已坏，期待效果吧	【紧致肌肤】毛孔紧致黑面膜	4	1
w***5	0	3	包装破损，已别人为拆开，希望面膜好用。	毛孔紧致黑炭面膜10片	4	1
****d	0	3	送货很快服务很好还没用呢，以后再评。	【紧致细腻】毛孔紧致黑炭面膜	4	1
****2	0	3	还可以效果没有期待的嫩么好，不过还行	毛孔紧致黑炭面膜10片	4	1
五***5	0	3	买的第二天就有活动，晚上就用了，还可以	毛孔紧致黑炭面膜10片	4	1
小***皮	0	3	新版不太好用还买这么多，还送了闺蜜一堆我哭了。	【紧致细腻】毛孔紧致黑面膜	4	1
u***e	0	3	第一次买，不知道好不好用，期待好的效果	毛孔紧致黑炭面膜10片	4	1
****3	0	3	物流挺快，态度也挺好，包装不好，不牢固	毛孔紧致黑炭面膜10片	4	1
****9	0	3	好像没有太大效果，但敷上很舒服	毛孔紧致黑炭面膜10片	4	1
u***6	0	3	用了后脸上有很多纤维丝，还很粘	毛孔紧致黑炭面膜10片	4	1
李***鹏	1	3	效果体验中，估计一般。毕竟价位摆在那。	毛孔紧致黑炭面膜10片	4	1
****o	0	3	没得撒子特别感受，感觉一般	【紧致细腻】毛孔紧致黑面膜	4	1
牛***人	0	3	使用体验一般般，效果一般	【紧致肌肤】毛孔紧致黑面膜	4	1
u***v	0	3	精华液很少，贴了一片，没看到效果	毛孔紧致黑炭面膜10片	4	1
a***p	0	3	到货了，还没用不知道怎么样	毛孔紧致黑炭面膜10片	4	1
v***I	0	3	服务好，刚收到，还没用，不知道效果	毛孔紧致黑炭面膜10片	4	1
****f	0	3	这个包装我不想做过多的评论，希望商家能参考一下我的建议	毛孔紧致黑炭面膜10片	4	1
y***5	0	3	Mediheal可莱丝美迪惠尔毛孔紧致黑炭面膜期待效果	毛孔紧致黑炭面膜10片	4	1
c***s	0	3	用了好久才来评价，一般般吧没有什么作用样	毛孔紧致黑炭面膜10片	4	1
相***芷	0	3	这款面膜我买了很多次了，感觉还是不错的	【紧致细腻】毛孔紧致黑面膜	4	1
****p	0	3	这款吸黑头面膜裁剪绝了。	【收缩毛孔】毛孔紧致黑面膜	4	1
H***7	0	3	其中一个包装坏的使用感受使用后在评论	【紧致肌肤】毛孔紧致黑面膜	4	1
u***w	0	3	害，适合脸很小，下巴很长的人群，好干，	【紧致细腻】毛孔紧致黑面膜	4	1
M***b	0	3	包装还不错，但是第一次买，不知道效果怎么样。	毛孔紧致黑炭面膜10片	4	1
u***c	0	3	感觉没第一次买的好用，营养液也很稀	毛孔紧致黑炭面膜	4	1
****f	0	3	还行吧，包装比较简陋，用了一片感觉没什么效果	毛孔紧致黑炭面膜	4	1
****s	0	3	用着还行吧，精华不多，补水还可以。	毛孔紧致黑炭面膜	4	1
****y	0	3	物流挺快，昨天晚上下单今天上午就到了相信京东，就是盒子破了	毛孔紧致黑炭面膜10片	4	1
Y***9	1	3	包装还算完好，不过也憋了。之前都是用盒装的这次就拿一个袋子。	毛孔紧致黑炭面膜10片	4	1
A***雅	1	3	面膜还可以，就是价格不稳定，刚买就降价	【紧致肌肤】毛孔紧致黑面膜	4	1
8***儿	0	3	改善黑头，未看到效果。补水效果一般。	【紧致细腻】毛孔紧致黑炭面膜	4	1
****g	0	3	不过物流很快。	毛孔紧致黑炭面膜10片	4	1
****2	1	3	还可以，活动买的。	毛孔紧致黑炭面膜10片	4	1
购***7	0	3	这款面膜查不到防伪售后表示有正品授权书就是正品现在只有先用了才来评价	毛孔紧致黑炭面膜	4	1
****q	1	3	包装不行，东西还可以	毛孔紧致黑炭面膜	4	1
G***C	0	3	还不错，一直在用它	毛孔紧致黑炭面膜10片	4	1
爱***民	1	3	还不错还不错，经济实惠方便快捷，值得信赖，希望价格能再优惠	毛孔紧致黑炭面膜	4	1
u***5	0	3	买了两盒，其中一盒已经被拆开，盒子也很破，另一盒还好，效果等用了再评价	毛孔紧致黑炭面膜10片	4	1
浅***唱	0	3	还没有使用不做评价	毛孔紧致黑炭面膜	4	1
s***1	0	3	还没用，不知道是不是正品，盒子看着好简陋	毛孔紧致黑炭面膜10片	4	1
****k	0	3	听说挺好的买来试试。但是有一点我就不明白啦。谁打开的	毛孔紧致黑炭面膜10片	4	1
a***g	1	3	一般贴合效果适合小脸的其他特色美白效果一般	毛孔紧致黑炭面膜	4	1
****p	1	3	还可以，没有想象的好	毛孔紧致黑炭面膜10片	4	1
彩***合	0	3	一次买了两盒，用着还行吧，不好不坏	毛孔紧致黑炭面膜10片	4	1
小***一	0	3	精华液不足，面膜很干，收缩毛孔没效果	毛孔紧致黑炭面膜10片	4	1
z***3	0	3	活动便宜了很多，但是感觉质量没以前好，感觉是次货。	毛孔紧致黑炭面膜	4	1
在***子	1	3	没什么感觉，还是保湿补水的经典款比较好用。	毛孔紧致黑炭面膜	4	1
****c	1	3	被满减一百忽悠了	毛孔紧致黑炭面膜10片	4	1
g***娅	0	3	秒杀的产品第二次价格更低，价格京东乱来，效果也看不出	毛孔紧致黑炭面膜10片	4	1
****1	0	3	他们这个面膜我买了好几款感觉一般用用看吧	毛孔紧致黑炭面膜10片	4	1
****m	1	3	还行吧，再试试看，用了好几次感觉不是特别好	毛孔紧致黑炭面膜	4	1
D***皓	1	3	超好，超快，值得信赖东东比我想象的还要好啊，买家服务也超好，赞，下次还您家购物	毛孔紧致黑炭面膜10片	4	1
W***0	1	3	不知道效果咋样，照这样用着吧	毛孔紧致黑炭面膜10片	4	1
c***R	0	3	非常棒，赶上活动，物美价廉。但是退的一套书，退的价格有问题，问客服只会说我们没错。	毛孔紧致黑炭面膜10片	4	1
****4	1	3	面膜偏小不知道有没有效果感觉一般	【紧致细腻】毛孔紧致黑面膜	4	1
****5	1	3	味道很大，还好不过敏	毛孔紧致黑炭面膜10片	4	1
****3	0	3	在线的人都可以看出来这世界里面还有人记得填写	毛孔紧致黑炭面膜	4	1
M***猛	1	3	一直在京东自营上买东西	【收缩毛孔】毛孔紧致黑面膜	4	1
蓉***蓉	1	3	包装给颗心，我是自己有用这个牌子，快用完了所以才买的，这包装跟旧货市场似的	毛孔紧致黑炭面膜10片	4	1
****j	0	3	还不错	【紧致肌肤】毛孔紧致黑面膜	4	1
s***4	1	3	鼻子过敏了，红了好久。	毛孔紧致黑炭面膜	4	1
永***1	0	3	感觉一般般吧用了当时效果可以但是半天就还原了	毛孔紧致黑炭面膜	4	1
****烟	0	3	先且不论这东西的真伪，就看着包装，我的心啊就哇凉哇凉了。京东，一直想信任，可这	毛孔紧致黑炭面膜10片	4	1
王***r	1	3	不知道怎么样用用看看	【收缩毛孔】毛孔紧致黑面膜	4	1
凡***南	1	3	用了长脂肪粒，不会再回购了	【收缩毛孔】毛孔紧致黑面膜	4	1
沉***鱼	0	3	还在用保湿挺不错的，美白就没看出来，持续体验中	毛孔紧致黑炭面膜10片	4	1
小***d	0	3	一般产品质感还可以贴合效果不怎么好其他特色	【紧致肌肤】毛孔紧致黑面膜	4	1
1***p	0	3	物流挺快，看封面包装就已经少一星了。用一个礼拜我看看效果才，在修改。	毛孔紧致黑炭面膜10片	4	1
c***8	0	3	比较服帖，还行吧，要是精华再多一点就好了，感觉很少	【紧致肌肤】毛孔紧致黑面膜	4	1
g***陶	0	3	这个还没用但愿好用吧希望不要像那个胶原蛋白的那样可怕	毛孔紧致黑炭面膜	4	1
兮***娥	0	3	还没有用，感觉好像是假的，标签是帖上去的，用过再来评价，不过京东快递很好，我说放在房东那，他还不放心叫房东听电话，再三确定，颗星是给快递的	毛孔紧致黑炭面膜10片	4	1
Y***M	0	3	敷着还行就是不知道刚打开的时候拿出来为什么会有泡泡	【紧致肌肤】毛孔紧致黑面膜	4	1
****t	1	3	没有补水的那款好	【紧致肌肤】毛孔紧致黑面膜	4	1
a***1	0	3	我觉得不如保湿的好用，很快就干了，也没啥特别感觉	【紧致细腻】毛孔紧致黑炭面膜	4	1
u***o	0	3	前几天买减～现在买减～买两合才，我买的时候～不知道下个月会不会减到减到呢	毛孔紧致黑炭面膜10片	4	1
****4	0	3	还可以使用感受精华液不黏稠比较舒服补水效果还不错吧	【紧致细腻】毛孔紧致黑面膜	4	1
珊***6	0	3	还没用，不知道怎么回事，有一盒是打开着的，希望有效果	【紧致细腻】毛孔紧致黑面膜	4	1
秦***琴	1	3	原来也用过，只是在超市买的，请问是正品吗咋感觉怪怪的呢暂时好评	毛孔紧致黑炭面膜	4	1
_***_	1	3	首先面膜的第一盒包装就有问题，然后和客服交流没有能很好的得到解决，面膜本身质量应该没什么问题	毛孔紧致黑炭面膜10片	4	1
1***p	1	3	还没用，用了之后再来评价，据说挺好的，就是包装不怎么样，都压坏了，希望以后注意	毛孔紧致黑炭面膜10片	4	1
戒***嗳	1	3	一直用这款，非常好用，非常好用，很满意的一次购物，下次还会再来的。		4	1
u***u	0	3	送的超级快第二天就到了但是都开口了不晓得有没有问题。尤其是这个掀盖的。	【紧致肌肤】毛孔紧致黑面膜	4	1
u***b	1	3	我是使用了五贴后才来评论的，还行，就是没感觉有什么变化。可能得用好几盒后吧。	毛孔紧致黑炭面膜10片	4	1
u***n	0	3	还行吧，只是没有丽得姿的补水效果好，因人而异吧，肤质不一样	毛孔紧致黑炭面膜10片	4	1
亲***8	0	3	还可以，就是不够长久补水，有点依赖性，一用马上出效果，好惊啊	毛孔紧致黑炭面膜10片	4	1
****y	0	3	才用了两次，是那种淡淡的味道不刺鼻，不知道效果怎么样希望物有所值	毛孔紧致黑炭面膜	4	1
n***o	0	3	黑面膜质地跟韩国带回来的不一样，很薄一拉就破，效果还可以，分辨不出真假	毛孔紧致黑炭面膜10片	4	1
e***j	0	3	第一次买这个面膜，满减活动买的，就是用时味道有点不喜欢，用完感觉还行。	毛孔紧致黑炭面膜10片	4	1
****V	0	3	还行使用感受一般般贴合效果还行补水效果才开始使用，没看到什么效果	【紧致肌肤】毛孔紧致黑面膜	4	1
B***姐	0	3	物流超快，不过感觉没那么好用。拆开面膜时，里面好多一小块一小块黑黑的。	毛孔紧致黑炭面膜10片	4	1
****z	1	3	价格偏贵，还没使用，不知道效果如何，后续再继续评论，包装还是可以的，就是不知道效果。	毛孔紧致黑炭面膜	4	1
u***i	0	3	刚用上，感觉面膜不规格，不知效果怎样，日后再评价	【清洁收缩毛孔】毛孔紧致黑面膜	4	1
****k	0	3	里面的精华特别西一点也不浓精华也不多给水样	【紧致细腻】毛孔紧致黑炭面膜	4	1
****q	0	3	用了之后第二天早上脸特别黏，然后过了一会会有一点点痒，不过之后会好，还是可以的	毛孔紧致黑炭面膜	4	1
坚***豚	1	3	促销三盒买的。盒子包装很不正规的样子，有挤压，不知道真假，先用着吧。以前用过这个牌子的，妈妈反应不错。	毛孔紧致黑炭面膜	4	1
坚***豚	1	3	促销三盒买的。盒子包装很不正规的样子，有挤压，不知道真假，先用着吧。以前用过这个牌子的，妈妈反应不错。	毛孔紧致黑炭面膜	4	1
****c	0	3	会润使用感受还行适合肤质任何补水效果一般贴合效果贴合其他特色	【紧致肌肤】毛孔紧致黑面膜	4	1
****0	0	3	物流速度快，价格合理	【收缩毛孔】毛孔紧致黑面膜	4	1
****U	0	3	紧致毛孔这款，一般般这款，也没说特别好用，	【收缩毛孔】毛孔紧致黑面膜	4	1
z***u	1	3	用了一次，没看出有什么效果，精华倒是挺多的希望用久了有效果	毛孔紧致黑炭面膜10片	4	1
s***x	0	3	个人觉得竹炭清洁毛孔的效果没什么，补水效果没蓝色的好。不算美迪里面好用的	毛孔紧致黑炭面膜10片	4	1
****j	0	3		【紧致肌肤】毛孔紧致黑面膜	4	1
y***y	1	3	这款黑膜没有他们家的胶原蛋白面膜好用，做一般的镇静还可以。	【收缩毛孔】毛孔紧致黑面膜	4	1
u***h	0	3	第一次用这款面膜，用了六片，感觉效果不明显，没什么补水的感觉，没我之前用的JM面膜效果好，卖家态度很好，客服也很好，	【紧致细腻】毛孔紧致黑面膜	4	1
z***3	1	3	多次回购当时敷了后脸上很光滑水水的我比较懒四五天才敷一次如果两三天用一次效果还是不错的个人觉得就只有补水保湿效果毕竟价格也不贵满减入手	【紧致细腻】毛孔紧致黑面膜	4	1
x***8	0	3	收到货，用了几次，因为之前用过这个牌子，感觉好不错，外包装和之前买的一样，但是里面的面膜是不一样的，不知道是怎么回事，后来问了店里卖面膜的，她说这款面膜是由国产的和进口的，反正凑合用用吧，本人有轻微过敏，用着还好没有过敏现象。	毛孔紧致黑炭面膜10片	4	1
某***甲	1	3	质感有点差，面膜纸比较粗糙使用感受以前用过的精华比较多，这次更少适合肤质油性补水效果这款补水一般贴合效果非常贴合其他特色毕竟实惠	【紧致肌肤】毛孔紧致黑面膜	4	1
****u	1	3	补水效果中等贴合效果面膜纸蛮贴合脸部的使用感受我不太喜欢精华太多的面膜我喜欢刚刚好的，这款面膜精华就刚刚好，不会在敷面膜的时候溢出精华，敷完有一点点的美白，但是不持久，第二天早上就感觉补水效果一般	【紧致细腻】毛孔紧致黑面膜	4	1
霞***7	1	3	清洁跟收缩毛孔没有看到效果，一撕开就闻到很浓的香味，感觉加了很多香精，绿茶系列就挺不错的。	【清洁收缩毛孔】毛孔紧致黑面膜	4	1
前***8	1	3	面膜还行吧，一般般，补水还可以，敷面膜的时候挺舒服的，刚敷完面膜以后脸上感觉还挺水润的，也能保持滋润小半天吧，并不持久，这款面膜还标注有紧致和改善黑头的作用，但是用了一半多了，并没有这些作用，也就唯一有点水润作用了。	【紧致肌肤】毛孔紧致黑面膜	4	1
z***8	0	2	第一次够买感觉是假货	毛孔紧致黑炭面膜10片	4	1
R***n	0	3	寄来的时候包装已经烂了	毛孔紧致黑炭面膜10片	4	1
愛***夕	1	3	包装盒都烂的不像样子	毛孔紧致黑炭面膜	4	1
b***e	1	3	外包装这么烂也发过来	毛孔紧致黑炭面膜	4	1
凤***D	1	2	套装勿拆这是几个意思	毛孔紧致黑炭面膜10片	4	1
****5	1	2	价格变化太快，不能给好评了。	【紧致细腻】毛孔紧致黑面膜	4	1
水***头	0	3	外包装就一塑料袋，破损啦	毛孔紧致黑炭面膜10片	4	1
H***Y	0	2	晚一天到也就算了，包装都破损	毛孔紧致黑炭面膜	4	1
锐***洋	0	2	盒子好粗糙，不知道是不是真的	毛孔紧致黑炭面膜10片	4	1
c***n	1	3	外边包装没事里边包装破了	毛孔紧致黑炭面膜	4	1
1***9	0	2	包装都被拆开了，盒子也坏了	毛孔紧致黑炭面膜	4	1
w***9	1	2	东西还是那个，这包装，谁给解释下	毛孔紧致黑炭面膜10片	4	1
I***1	1	3	并没有吸油去黑头效果	毛孔紧致黑炭面膜10片	4	1
憨***生	0	3	没有一些国产来的好用	毛孔紧致黑炭面膜10片	4	1
w***n	1	3	没有在买的好用	毛孔紧致黑炭面膜10片	4	1
****8	0	3	快递送过来盒子都这样了全烂了	【紧致细腻】毛孔紧致黑面膜	4	1
****e	0	2	满意，好用，下次继续购买	毛孔紧致黑炭面膜10片	4	1
u***9	0	3	用了感觉一般般，不像真的	毛孔紧致黑炭面膜10片	4	1
****q	1	3	这个包装实在是不敢恭维，也是醉了	毛孔紧致黑炭面膜10片	4	1
u***p	0	2	盒子都瘪了，感觉像烂的	毛孔紧致黑炭面膜	4	1
****7	0	2	用了以后过敏了，奇痒无比	毛孔紧致黑炭面膜10片	4	1
感***哒	0	3	用了几次一点用也没有啊	毛孔紧致黑炭面膜10片	4	1
****e	0	3	还没用包装让我心情不爽	毛孔紧致黑炭面膜10片	4	1
e***5	0	3	不知道真假，尺寸好像比正品小了点	【紧致细腻】毛孔紧致黑面膜	4	1
C***N	1	3	感觉跟我之前买的不一样	毛孔紧致黑炭面膜10片	4	1
乐***君	0	2	产品外包装破损，看起来不像正品	毛孔紧致黑炭面膜10片	4	1
好***8	0	2	感觉跟以前不一样，假的	毛孔紧致黑炭面膜10片	4	1
w***a	1	3	不咋的不咋的不咋的啦啦	毛孔紧致黑炭面膜	4	1
****k	0	3	刚用两贴效果不是很明显	【紧致细腻】毛孔紧致黑面膜	4	1
****a	0	3	不太像真品，皮肤不吸收	毛孔紧致黑炭面膜10片	4	1
y***6	1	3	到货包装都烂了，有点担心是假货	毛孔紧致黑炭面膜	4	1
画***圈	1	2	盒子全坏的包装越来越差	【紧致细腻】毛孔紧致黑面膜	4	1
春***路	0	2	表示没什么用，在用用看吧	毛孔紧致黑炭面膜10片	4	1
****Y	1	2	我就呵呵了，辣椒，一份价钱一分货。	毛孔紧致黑炭面膜10片	4	1
乱***亼	0	2	感觉没那么理想，还挺贵	毛孔紧致黑炭面膜10片	4	1
C***活	1	3	包装不是一般的简单，盒子都压坏了	毛孔紧致黑炭面膜10片	4	1
忧***福	0	3	一般吧，没有评论那么好用	毛孔紧致黑炭面膜10片	4	1
****2	0	3	包装不咋滴是不是正品就不知道了	毛孔紧致黑炭面膜10片	4	1
f***7	1	3	说真的，个人觉得不怎么好用	毛孔紧致黑炭面膜10片	4	1
k***爸	0	2	假的，和我在韩国免税店买的就是不一样	毛孔紧致黑炭面膜	4	1
u***1	1	2	快递拆开来是这样，不想说了	毛孔紧致黑炭面膜10片	4	1
s***萌	0	3	一般吧，缩毛孔没有那么明显	毛孔紧致黑炭面膜	4	1
黑***生	1	3	一般吧，感觉效果不是很明显	毛孔紧致黑炭面膜	4	1
z***4	0	3	包装是拆过的，买盒有盒是拆过的。	毛孔紧致黑炭面膜10片	4	1
深***期	0	3	凑合吧，没感觉哪里不一样。	毛孔紧致黑炭面膜10片	4	1
2***h	0	3	真的很一般，而且比较小	【紧致细腻】毛孔紧致黑面膜	4	1
T***少	0	3	物流挺快，就是不好使。差评。	毛孔紧致黑炭面膜10片	4	1
1***p	0	3	这次买的就不如第一次的好全是拆封的	毛孔紧致黑炭面膜10片	4	1
****y	0	2	应该是假的，和以前的不一样	毛孔紧致黑炭面膜10片	4	1
温***y	0	3	有股气味，不过敏就行，一般般吧	毛孔紧致黑炭面膜	4	1
W***G	1	3	包装回来就成这了也没有用盒子发货	毛孔紧致黑炭面膜10片	4	1
l***2	1	2	包装竟然是开封的，而且袋子也是破的	毛孔紧致黑炭面膜10片	4	1
****t	0	2	使用了一段时间没有什么改善	毛孔紧致黑炭面膜10片	4	1
X***m	0	3	为什么我没有确认收货就能评价了卧，槽	毛孔紧致黑炭面膜10片	4	1
于***峰	1	3	用了，没感觉有多少效果	毛孔紧致黑炭面膜10片	4	1
****i	0	3	用了两次，感觉没什么用	毛孔紧致黑炭面膜10片	4	1
M***3	1	3	过得去，但没有说得那么好	【紧致细腻】毛孔紧致黑面膜	4	1
u***d	0	3	感觉不太好，面膜不够大	毛孔紧致黑炭面膜10片	4	1
****8	0	2	效果不大还是蚕丝的好	毛孔紧致黑炭面膜10片	4	1
7***兽	0	2	这个刚打开的包装盒真是惊喜	毛孔紧致黑炭面膜10片	4	1
****v	0	3	品质没有以前买的好，明显不一样。	毛孔紧致黑炭面膜10片	4	1
****7	0	3	盒子上扫不出产品信息	【紧致肌肤】毛孔紧致黑面膜	4	1
****N	0	2	包装都是散的，盒子也是打开的，～	【紧致细腻】毛孔紧致黑面膜	4	1
柒***_	0	3	包装不好就跟打开过一样	【紧致肌肤】毛孔紧致黑面膜	4	1
i***X	0	2	配送不满意，服务不到位，不能送货上门	毛孔紧致黑炭面膜10片	4	1
k***翁	1	2	面膜都挤成一堆了，使用极不方便	毛孔紧致黑炭面膜	4	1
1***p	1	2	不是很好用也不知道是不是真的	毛孔紧致黑炭面膜10片	4	1
****t	0	3	有点油腻，重点是这二维码扫不到	毛孔紧致黑炭面膜10片	4	1
T***儿	1	3	包装真的不咋地，东西等用过之后再来追评吧。	毛孔紧致黑炭面膜	4	1
x***i	1	3	然并卵，并没有什么收毛孔的效果	毛孔紧致黑炭面膜10片	4	1
****c	0	2	为何没收到货就显示签收了	【紧致肌肤】毛孔紧致黑面膜	4	1
彼***牛	0	3	用了一片，右脸略痒发红似过敏，	毛孔紧致黑炭面膜10片	4	1
****p	0	3	是有补水作用，一分价钱一分货吧	毛孔紧致黑炭面膜10片	4	1
****1	0	3	有保湿效果，拉皮效果一般	毛孔紧致黑炭面膜10片	4	1
****f	0	3	没有蓝色的好用，效果不好	毛孔紧致黑炭面膜10片	4	1
q***9	0	3	这是怎么了，买了这么多次，这次是怎么了	毛孔紧致黑炭面膜10片	4	1
****b	0	2	原本没豆豆，一用长好多，质量不咋地	毛孔紧致黑炭面膜10片	4	1
****V	0	3	用很多盒了，感觉不出有什么效果	毛孔紧致黑炭面膜10片	4	1
符***g	1	3	盒子都是开的，该不会是假的吧	【紧致肌肤】毛孔紧致黑面膜	4	1
****w	0	3	封面字体不是很清晰有点怀疑真假	毛孔紧致黑炭面膜10片	4	1
u***6	0	2	打开快递包装，里面的面膜盒子成这样子了。	毛孔紧致黑炭面膜	4	1
****X	0	3	盒子都是打开的，都没个封条	【紧致肌肤】毛孔紧致黑面膜	4	1
A***七	0	3	面膜用完感觉挺一般，有点失望	【紧致细腻】毛孔紧致黑面膜	4	1
****j	1	3	东西没有原来的好，敷上去皮肤过敏	毛孔紧致黑炭面膜	4	1
H***n	0	3	包装全烂了，物流本来说昨天到，今中午送的。	毛孔紧致黑炭面膜10片	4	1
李***i	0	3	买完第二天就降价了，不想说什么了	毛孔紧致黑炭面膜10片	4	1
尼***尼	1	2	用完脸有点刺激，有点疼	【紧致细腻】毛孔紧致黑面膜	4	1
宁***緣	1	2	双十一元。价格平时都有－。价格差不多。	【紧致细腻】毛孔紧致黑面膜	4	1
爱***1	1	3	用的一般没感觉有什么效果	毛孔紧致黑炭面膜10片	4	1
****L	0	3	刚到的，不知道为什么盒子是拆开的	毛孔紧致黑炭面膜	4	1
u***e	0	3	很一般，没有蓝色水库的保湿	毛孔紧致黑炭面膜10片	4	1
夜***寒	0	2	用了好长时间，没觉得哪里好	毛孔紧致黑炭面膜10片	4	1
小***1	0	3	水很多但是不粘稠。跟以前买的不一样	毛孔紧致黑炭面膜10片	4	1
Z***0	0	2	还么用，不知道怎么样，不过盒子烂了	毛孔紧致黑炭面膜10片	4	1
帆***5	0	3	这个用完第二天毛孔更大了	毛孔紧致黑炭面膜10片	4	1
****t	1	3	明明包装和发票上都标明是片／盒，拆开却只有片	毛孔紧致黑炭面膜10片	4	1
一***熊	0	3	收到没用呢为什么扫不出来是不是我买到假货了	毛孔紧致黑炭面膜10片	4	1
****t	0	3	用了没啥感觉，可能是刚用吧	毛孔紧致黑炭面膜10片	4	1
爱***y	0	2	没有收缩毛孔坚持了个月	【清洁收缩毛孔】毛孔紧致黑面膜	4	1
****y	1	3	不太湿润没啥效果，不值这个价钱	【紧致细腻】毛孔紧致黑面膜	4	1
l***3	0	3	真假有待后续验证，不过请看看外包装给挤整啥样了	毛孔紧致黑炭面膜10片	4	1
P***i	0	2	一盒用完了，一点效果都没有	毛孔紧致黑炭面膜10片	4	1
****m	0	3	面膜挺服帖，但是不去黑头的	毛孔紧致黑炭面膜10片	4	1
谁***变	1	3	用了两周才来评论，效果几乎没有，一般般	毛孔紧致黑炭面膜10片	4	1
琳***乖	1	3	三星吧，面膜一般，感觉没什么用	毛孔紧致黑炭面膜10片	4	1
****海	1	3	用了套，效果不太明显，不想再回购了	【紧致细腻】毛孔紧致黑面膜	4	1
u***x	1	2	刚买了两天就降价，两盒多花了五六十怎么这样啊你们	毛孔紧致黑炭面膜	4	1
****d	0	3	，感觉不怎么真，面膜很小	毛孔紧致黑炭面膜	4	1
****f	0	2	贴过了，没有任何感觉，像是假货	毛孔紧致黑炭面膜10片	4	1
u***w	1	2	感觉买到了假货，条形码居然扫不出来。	毛孔紧致黑炭面膜10片	4	1
y***2	0	3	找了半天没有明显生产日期，	【紧致肌肤】毛孔紧致黑面膜	4	1
****b	0	3	包装全部裂开。不知道运输过程还是原来就是这样	毛孔紧致黑炭面膜10片	4	1
****p	0	3	这用起还行，只有效果不怎么样。	毛孔紧致黑炭面膜10片	4	1
金***输	0	2	买的，今天到货，刚用，感觉一般	毛孔紧致黑炭面膜	4	1
乔***6	0	2	没有之前买的那款补水的好用	【紧致肌肤】毛孔紧致黑面膜	4	1
n***7	1	2	没有前一次的效果好，不知道是不是有点假	毛孔紧致黑炭面膜10片	4	1
J***7	0	3	一个有密封一个没有，包装盒破旧，货源不一样	【紧致细腻】毛孔紧致黑面膜	4	1
o***y	0	3	感觉不好用，是不是真的也不知道	毛孔紧致黑炭面膜10片	4	1
瓦***勇	1	2	面膜纸不服帖，不好用，不会再买。	毛孔紧致黑炭面膜10片	4	1
c***j	1	3	袋子里的感觉就是水，体验一般	【紧致细腻】毛孔紧致黑面膜	4	1
w***9	1	3	包装没有被拆过，还没用感觉可以	毛孔紧致黑炭面膜	4	1
不***心	1	3	好薄得感觉，比上次买的质量差	毛孔紧致黑炭面膜	4	1
****p	0	3	刚买回，就降价了，从降到，怀疑是不是真品了	毛孔紧致黑炭面膜10片	4	1
****b	0	2	货到付款在线支付分期付款邮局汇款公司转账售后服务	毛孔紧致黑炭面膜10片	4	1
果***6	0	3	一般般吧，没有原来的补水好用，价钱适中	毛孔紧致黑炭面膜10片	4	1
****c	0	2	感觉里面的精华有点少有点干	毛孔紧致黑炭面膜	4	1
罗***兴	0	2	效果怎么样先不说，看看这物流几包装吧	毛孔紧致黑炭面膜	4	1
芯***h	1	2	一直都在用的产品，只是这次收到的包装已经裂开了	毛孔紧致黑炭面膜	4	1
1***2	0	3	不没用不知道怎么样，收到货第一印象不好。	毛孔紧致黑炭面膜	4	1
猴***1	1	3	东西不知道怎么说，感觉好像没什么效果吧。	毛孔紧致黑炭面膜10片	4	1
江***笑	1	2	这款实在不行，可以说差有的还小。	毛孔紧致黑炭面膜10片	4	1
u***g	0	2	这个包装真的辣鸡。全都被压坏了买个纸盒装这么难吗	毛孔紧致黑炭面膜10片	4	1
u***4	0	2	最后一次买了，现在比之前贵了分之一了	毛孔紧致黑炭面膜	4	1
清***雪	1	3	刚刚收到货，盒子已经裂开，里面的东西还好没坏掉。	毛孔紧致黑炭面膜10片	4	1
u***w	0	3	没有说的那么好，一般般吧，与这个价格不符	毛孔紧致黑炭面膜10片	4	1
z***z	1	2	包装都是破的，买三盒坏三盒，京东啥时候这么不上心了	毛孔紧致黑炭面膜10片	4	1
s***1	0	3	感觉没有那么好用。吸收不是特别好	毛孔紧致黑炭面膜10片	4	1
****i	1	2	第一次遇到买护肤品这么差的包装～压坏完了～	毛孔紧致黑炭面膜10片	4	1
w***0	1	3	感觉一般，不值这个价格，我还一下买了四盒	【紧致细腻】毛孔紧致黑面膜	4	1
不***D	0	3	这是第二次买了，怎么觉得效果不是那么好呢，我人丑的原因吧	毛孔紧致黑炭面膜10片	4	1
****0	0	3	产品拿回来已被拆开，面膜盒子都被撕破了烂了	【紧致肌肤】毛孔紧致黑面膜	4	1
蓝***e	1	3	不知道为什么包装被拆开了，能否给我一个解释	【紧致肌肤】毛孔紧致黑面膜	4	1
A***绪	0	3	补水效果一般，面膜有点厚	【紧致肌肤】毛孔紧致黑面膜	4	1
闫***y	1	3	不错，就是纸箱被压坏了。有一包炸了，面膜没坏	毛孔紧致黑炭面膜	4	1
h***1	0	2	本来是要买来送好姐妹的，收到货变这样了根本送来出手	毛孔紧致黑炭面膜10片	4	1
怪***_	0	2	效果一般，感觉不清爽，换了别的牌子。	毛孔紧致黑炭面膜10片	4	1
w***a	0	3	还算可以吧，就是面膜的盒子底部有一些破损。	毛孔紧致黑炭面膜10片	4	1
u***p	1	3	一般吧感觉里面的精华不多，有点干。	毛孔紧致黑炭面膜	4	1
u***k	0	3	感觉跟之前香港买的不一样，不知道是不是真的	毛孔紧致黑炭面膜10片	4	1
y***5	0	3	一般般吧，就是不知道为什么一直没有物流进度，双下单刚收到。	毛孔紧致黑炭面膜	4	1
****c	0	3	用着一般，敷在脸上没什么大感觉。	【紧致细腻】毛孔紧致黑面膜	4	1
K***X	0	3	面膜居然是用袋子装的，回来之后面膜的盒子还有一点开了	毛孔紧致黑炭面膜10片	4	1
****4	0	3	好不好不清楚，已经拆过，可能是运货的时候压开了	毛孔紧致黑炭面膜10片	4	1
l***C	0	2	面膜很厚干干的没有什么精华	毛孔紧致黑炭面膜10片	4	1
w***r	0	3	讨厌收到的东西没有包塑料密封，盒子还是烂的，希望物品没有问题	毛孔紧致黑炭面膜10片	4	1
r***N	0	2	不好用，味道有点反感，后悔买了这个	毛孔紧致黑炭面膜	4	1
****o	1	3	就是单纯的补水。效果不理想。	【紧致肌肤】毛孔紧致黑面膜	4	1
X***M	0	3	不知道为什么每盒面膜包装都是打开的，有点担心不是正品	毛孔紧致黑炭面膜	4	1
****4	0	2	一开箱下面是开盒了的，粉色的封口也没	【紧致肌肤】毛孔紧致黑面膜	4	1
秦***_	0	2	取完快递激动了一路回家打开一看第一盒就是这个样	【紧致细腻】毛孔紧致黑面膜	4	1
广***仔	0	3	配送员人很好。只是这货是不是正品啊，我怎么用了会过敏哈。	毛孔紧致黑炭面膜10片	4	1
****b	1	3	包装被拆过了，我也不知道是不是正品，反正二维码扫不到	毛孔紧致黑炭面膜10片	4	1
a***2	1	3	敷在脸上有刺痛感啊不知道怎么回事啊第一次用	毛孔紧致黑炭面膜10片	4	1
****y	0	2	包装破损，难辨真伪，体验感差	【收缩毛孔】毛孔紧致黑面膜	4	1
Q***J	0	2	掉黑色粉末。不觉得好。不会再购买了。	毛孔紧致黑炭面膜	4	1
****c	0	2	我不喜欢它的味道，我个人感觉像极了	【紧致细腻】毛孔紧致黑面膜	4	1
h***8	1	3	说是紧致毛孔没效果更透明毛孔更大了	毛孔紧致黑炭面膜10片	4	1
u***v	0	3	东西没用，先不说好坏，光着包装够让人心情复杂的	毛孔紧致黑炭面膜10片	4	1
J***2	1	2	不知道是不是正品，盒子是开的，应该是拆过的而且是烂了	【紧致肌肤】毛孔紧致黑面膜	4	1
****1	0	3	目前还没用，包装有点瑕疵，希望是正品	【紧致肌肤】毛孔紧致黑面膜	4	1
****4	0	3	毛孔不怎么见改善，郊果还是不怎么有用	毛孔紧致黑炭面膜10片	4	1
旅***者	1	3	一般不是很好用，可能不适合我的肤质吧	毛孔紧致黑炭面膜	4	1
g***3	0	3	这是正品嘛，感觉有点包装两盒都是坏的。	毛孔紧致黑炭面膜10片	4	1
啊***哼	1	2	到手就这样。你说路边捡的我都信。路边摊还注重包装呢，回购是不可能的了。	毛孔紧致黑炭面膜10片	4	1
****7	1	2	黑色的面膜要掉碎抹，不是很好	【清洁收缩毛孔】毛孔紧致黑面膜	4	1
爱***糖	1	3	商品包装不是太好，都开口了。不是外包装的问题。十分怀疑被人掉包。	毛孔紧致黑炭面膜	4	1
u***9	0	3	还没有使用，待追评，就是太贵了，其他商家只需半价，为啥差距这么大	毛孔紧致黑炭面膜10片	4	1
北***情	0	3	这是一个没有缺点的产品，它也没有什么优点。	毛孔紧致黑炭面膜10片	4	1
****l	0	3	一片一片的背后没有中文翻译，有点不满意。毕竟是在中国	毛孔紧致黑炭面膜10片	4	1
****8	0	3	和之前在实体店买的可莱丝不一样，感觉黏黏的	毛孔紧致黑炭面膜10片	4	1
梁***威	1	2	还可以吧，刚买就降价	毛孔紧致黑炭面膜10片	4	1
****b	0	2	和我韩国买回来的不一样，这个精华液太少了又有味道	毛孔紧致黑炭面膜10片	4	1
楊***聲	0	3	一般般，效率没有很好	毛孔紧致黑炭面膜10片	4	1
****l	0	2	和前两天同一个地方同一款面膜相比包装颜色深了一些有差别不知道是不是假的哎	毛孔紧致黑炭面膜10片	4	1
k***翁	1	3	，没什么效果，但是用惯了就不想去换了	毛孔紧致黑炭面膜	4	1
u***5	0	2	这快递，这包装简直了	毛孔紧致黑炭面膜10片	4	1
栖***虫	1	3	没想像中好，液汁有点粘，清爽些就好了	毛孔紧致黑炭面膜10片	4	1
罗***溶	1	3	对于这个价格，我就呵呵了，先把价格升高一半，然后搞活动，都是套路	毛孔紧致黑炭面膜10片	4	1
L***前	1	3	，感觉没之前我在实体店买的那么好用，	【紧致肌肤】毛孔紧致黑面膜	4	1
啊***张	0	2	东西拿到了，就是快递服务不行，特别的不爽，商品还可以	毛孔紧致黑炭面膜10片	4	1
u***2	0	3	前几秒还是一百零几够一会就长到了没话说好吧	毛孔紧致黑炭面膜10片	4	1
A***h	1	2	买了四盒，快递过程货物暴力，没有一个格子包装是完好的	【紧致细腻】毛孔紧致黑面膜	4	1
u***3	1	2	包装破损，一拿都掉出来了，效果待使用后在评论吧	【紧致细腻】毛孔紧致黑面膜	4	1
****9	0	2	不知道真，用了再说	毛孔紧致黑炭面膜	4	1
****p	1	2	还可以，没有想象的好	毛孔紧致黑炭面膜10片	4	1
****x	0	2	没什么感觉，觉得不像真的买到了不是真货不开心	毛孔紧致黑炭面膜10片	4	1
u***c	0	2	请问我的面膜是被你们用过吗包装不仅是开封的还是坏的你们包装就这样呢	毛孔紧致黑炭面膜	4	1
u***3	0	3	四盒面膜有三盒盒子是拆封了的，不知道啥情况	【紧致肌肤】毛孔紧致黑面膜	4	1
李***y	1	2	不好，用了跟没用一样	毛孔紧致黑炭面膜10片	4	1
h***b	1	3	这个双十一还涨价了不少，效果好像没感觉。就这样吧	毛孔紧致黑炭面膜10片	4	1
u***u	1	3	觉得一般，没想像中好。	毛孔紧致黑炭面膜10片	4	1
创***靈	0	2	外盒压坏，价格浮动大	毛孔紧致黑炭面膜	4	1
****b	0	3	补水效果一般产品质感面膜布有点厚	【紧致肌肤】毛孔紧致黑面膜	4	1
****1	1	3	新包装没有以前好用，有点太宽了，还是感觉以前的还要用	毛孔紧致黑炭面膜	4	1
爱***师	0	2	便宜的果然没好货，我用过正版的，感觉不一样	【紧致细腻】毛孔紧致黑面膜	4	1
****j	0	2	感觉没什么用，反而皮肤油油的，反正我是后悔了	毛孔紧致黑炭面膜10片	4	1
s***楠	1	3	一点用都没有浪费钱	毛孔紧致黑炭面膜10片	4	1
****g	1	3	感觉不是正品，和我朋友在屈臣氏里买的不一样，和我在店里买的也不一样	毛孔紧致黑炭面膜10片	4	1
P***o	0	2	包装感觉好简陋，效果还没有出现，没有想象的好	毛孔紧致黑炭面膜	4	1
****q	0	3	不薄使用感受有点不适应，有点过敏	【紧致肌肤】毛孔紧致黑面膜	4	1
回***一	1	2	效果一般，还有就是竟然没有封口，品质值得怀疑	毛孔紧致黑炭面膜	4	1
****6	1	3	感觉和韩国买的有那么点不一样材质，说不上来，凑合用下吧	毛孔紧致黑炭面膜10片	4	1
****m	0	3	京东购物这么多年头一次收到包装极其破损的件一百多一盒的面膜八个件有五六个都是烂的我要是拿来送人怎么送的出手	毛孔紧致黑炭面膜10片	4	1
****y	0	2	包装箱都没有面膜被晒的烫烫的，真的是服，就一口袋装着，压的扁扁的，快递挺快的	毛孔紧致黑炭面膜10片	4	1
****q	0	2	不怎么好用，感觉一般	毛孔紧致黑炭面膜10片	4	1
1***p	1	3	收毛孔的效果一般吧建议买面膜还是要买补水保湿的就好	【紧致细腻】毛孔紧致黑面膜	4	1
机***哥	0	3	感觉没多大作用	毛孔紧致黑炭面膜10片	4	1
u***5	0	3	送东西，结果啥都没有	【紧致细腻】毛孔紧致黑面膜	4	1
K***o	0	2	打开快递面膜就是这样可以直接打开的外面连个膜都没有	毛孔紧致黑炭面膜	4	1
****f	0	3	用着没之前的效果好，而且里边的乳液没之前的稠	毛孔紧致黑炭面膜10片	4	1
u***9	0	2	盒子上贴着套装勿拆，盒子还是嫩个破的，一个袋子里的相宜本草的面膜完好无损。	毛孔紧致黑炭面膜10片	4	1
u***e	0	3	包装坏了心情就不好盒子都是碎的包裹为什么不用盒子好好包，就套了个袋子	毛孔紧致黑炭面膜10片	4	1
s***g	1	3	这盒子没有贴封条贴，开口的，不知是不是别人退货再发	【紧致肌肤】毛孔紧致黑面膜	4	1
****5	0	3	面膜好小啊，盖不住我的脸，装面膜的盒子是坏的，	毛孔紧致黑炭面膜10片	4	1
L***q	0	2	还没用，不知道怎么样	毛孔紧致黑炭面膜10片	4	1
****a	0	3	没有塑料密封，包装盒后面好像被反复打开过，担心买到了假货	毛孔紧致黑炭面膜10片	4	1
****3	0	3	效果一般般，不怎么样	毛孔紧致黑炭面膜10片	4	1
-***-	1	3	一般般，刚买两天又降价	【收缩毛孔】毛孔紧致黑面膜	4	1
G***姐	1	2	这个包装是相当的随意啊效果还不知道，先试一下吧。	【紧致肌肤】毛孔紧致黑面膜	4	1
东***岩	1	2	跟我在沃尔玛买的不一样，虽然包装看起来一样，但是面膜不一样	毛孔紧致黑炭面膜	4	1
丘***8	1	3	像評論所說的，用了後臉上會起紅色的，毛孔有所縮小	毛孔紧致黑炭面膜10片	4	1
****k	0	3	之前一直买的这个牌子的，可是这次说实话包装让我感觉不太好，产品好不好用了再说吧	【紧致肌肤】毛孔紧致黑面膜	4	1
凌***扇	0	3	我买了盒面膜，每盒少了一张。每次想算了吧，但心里还是不舒服	毛孔紧致黑炭面膜10片	4	1
****q	0	3	用完脸红，是不是过敏了，跟以前买的这个牌子不一样	【紧致肌肤】毛孔紧致黑面膜	4	1
Y***5	1	3	不好用，味道难闻。	毛孔紧致黑炭面膜10片	4	1
****q	0	3	我觉得我的脸没有那么大啊这面膜有点小一般	【清洁收缩毛孔】毛孔紧致黑面膜	4	1
江***黎	0	3	包装的时候就不能放在纸盒子里吗只用了个塑料袋一包，盒子都压坏了。得亏了是自己用，帮别人带的话怎么算	毛孔紧致黑炭面膜10片	4	1
****l	0	3	还可以吧就是用觉得有点不透气的感觉，就这样吧搞活动入手的	毛孔紧致黑炭面膜10片	4	1
好***8	1	3	还没有使用，未知数好不好用，包装有点次，拿到货时箱子都压扁了点，	【紧致细腻】毛孔紧致黑面膜	4	1
玉***翊	0	3	这次买的感觉不如上一年买的那些那么好。不知道真货还是假货将就着用了	毛孔紧致黑炭面膜	4	1
****l	1	3	就当是一般补水的，性价比低，有点贵，其他没什么效果。	毛孔紧致黑炭面膜	4	1
y***雪	1	3	用起来不够滋润，不推荐。	【收缩毛孔】毛孔紧致黑面膜	4	1
月***步	0	3	感觉非常一般，不是蚕丝的，敷在脸上比较厚重	毛孔紧致黑炭面膜	4	1
o***_	1	3	滴水流水到处都是，有点小刺激	【收缩毛孔】毛孔紧致黑面膜	4	1
****e	0	2	还没用呢，不知道好不好，第一次在网上买面膜，希望不会失望	毛孔紧致黑炭面膜10片	4	1
****o	1	3	没有特别明显的变化，但是有看到毛孔变小了一点	【紧致细腻】毛孔紧致黑面膜	4	1
_***_	0	3	以前还用个纸箱子现在直接拿个塑料袋就装来了都整成这样了袋子也撕了	毛孔紧致黑炭面膜	4	1
-***-	1	2	味道挺好闻的但是用了毛孔还是很大已经连着三天了	毛孔紧致黑炭面膜10片	4	1
肥***霸	1	3	味道。不太能接受，然后发过来两盒底全漏了，散了一箱	毛孔紧致黑炭面膜10片	4	1
6***F	0	3	收到忘记评价了，买个四盒有二盒都被拆开了，感觉不是很好，产品用了之后会追评	毛孔紧致黑炭面膜10片	4	1
****u	1	3	就是有些小贵，没有过敏现象	【收缩毛孔】毛孔紧致黑面膜	4	1
城***诚	1	2	买给女朋友的，今天才拆开结果是开封的，看着不是运输途中开的，对产品质量不敢保证	毛孔紧致黑炭面膜10片	4	1
丶***梦	1	3	真的没什么效果，特地用了两星期才发的，还是不怎么见有效	毛孔紧致黑炭面膜10片	4	1
f***2	0	3	从来不过敏，居然过敏	【紧致肌肤】毛孔紧致黑面膜	4	1
****e	0	3	面膜感觉已经被拆过了，上面封口的贴纸有被撕过的痕迹。	毛孔紧致黑炭面膜10片	4	1
潘***_	0	2	包装盒是开的，没有封口，是打开过吗还没开始用，用完再评论效果	【紧致肌肤】毛孔紧致黑面膜	4	1
茶***桃	1	3	买了这牌子两种面膜，这个收缩毛孔的黑面膜敷脸上痒痒的，不适合我，	毛孔紧致黑炭面膜	4	1
天***将	1	3	感觉一般，没啥效果。	【紧致肌肤】毛孔紧致黑面膜	4	1
K***e	1	3	别的不想说，这个包装都给我毁的差不多了，这是第一次这么差的包装，还不让上传图片	毛孔紧致黑炭面膜10片	4	1
P***i	1	2	感觉一般，去黑头效果几乎没有，就当保湿面膜用吧。	毛孔紧致黑炭面膜	4	1
****c	0	3	不好用，比另外几款都	毛孔紧致黑炭面膜10片	4	1
****r	0	3	怀疑自己买到的不是正品，越用越干，额头还长了小疙瘩，还刺痒	毛孔紧致黑炭面膜10片	4	1
就***e	0	3	包装太简陋还是烂的，面膜盒收到也是拆开的，不过申请了售后很快给换了，希望是正品	毛孔紧致黑炭面膜10片	4	1
名***复	0	2	一直是京东自营店买东西，感觉都很愉快这次的包装确实让我特别不满意，希望改进	毛孔紧致黑炭面膜	4	1
情***声	0	3	今天刚到手，不知道是不是正品，拆开包装盒里面的面膜包装不是很干净，有灰尘，心情有点不愉快	毛孔紧致黑炭面膜10片	4	1
****e	1	3	一次买了十几盒面膜，唯独这一盒包装被拆了，不知道什么情况	【紧致肌肤】毛孔紧致黑面膜	4	1
****u	1	3	东西收到了，一次买了四盒，但没有包装好，收到东西后包装盒变形了，看起来像拆过的。	毛孔紧致黑炭面膜10片	4	1
星***x	0	3	外装盒口没有用胶带封住，从快递包装里拿出来就是这样的	【紧致肌肤】毛孔紧致黑面膜	4	1
****7	0	3	面膜有点干，精华液很少，	【收缩毛孔】毛孔紧致黑面膜	4	1
凌***0	0	3	感觉没什么特别的效果，跟平时的面膜差不多。买了后看到京东秒杀便宜好多，难道双十一买贵了	毛孔紧致黑炭面膜10片	4	1
u***e	0	3	一般吧，没有什么感觉，	【清洁收缩毛孔】毛孔紧致黑面膜	4	1
****e	0	3	外面包装完好，里面的面膜包装都是打开的，两盒都是，没有封口	【紧致肌肤】毛孔紧致黑面膜	4	1
****u	0	2	用了之后长好多小痘痘	【收缩毛孔】毛孔紧致黑面膜	4	1
O***3	0	2	，没想到还有味道，我以为是无味的，也不知道是什么香味，不喜欢	毛孔紧致黑炭面膜10片	4	1
1***子	1	3	还行，买回来用了一张，感觉不出什么效果，不过就是有点太厚了，不服帖	毛孔紧致黑炭面膜10片	4	1
胡***6	0	3	没感觉到效果，不是说男女都可以用的吗，我贴上去好小	毛孔紧致黑炭面膜10片	4	1
****b	0	2	可能是假的，跟以前用过的不一样，而且扫码也扫不到，	【紧致肌肤】毛孔紧致黑面膜	4	1
u***7	0	3	还没用，但是包装损坏了，给人的感觉不是新的。我一次买，先试试再说	毛孔紧致黑炭面膜10片	4	1
v***A	0	3	还没用，但包装太差，到手时包装变形得不成样子，感觉不好，希望产品好用，期待	毛孔紧致黑炭面膜10片	4	1
1***r	0	3	现在的包装太简陋吧而且明明写了套装勿拆结果还是打开过的不知道是不是正品感觉没有之前买的好了	毛孔紧致黑炭面膜10片	4	1
****f	0	2	刚刚收到货，外面包装完整，里面竟然有拆开的痕迹，并且数量也是少的	【紧致肌肤】毛孔紧致黑面膜	4	1
香***檬	1	2	使用中，期待效果，活动所购，满减活动平均单价比单买便宜一些，比线下门店也便宜一些。满减活动平均单价比单买便宜一些，比线下门店也便宜一些。	毛孔紧致黑炭面膜10片	4	1
****a	0	2	包装不行快递员没有责任心电话都没打一个给我只问了我同事问我是不是在这里然后他就放哪里了我一个电话都没收到	毛孔紧致黑炭面膜10片	4	1
u***x	0	2	怎么被拆开了。效果不知道怎么样，后期我会来反馈的，是不是被调包了呢。	毛孔紧致黑炭面膜10片	4	1
可***4	0	3	不知道买到的是不是假货，还是粗制滥造。难道韩国人的鼻子比较短	毛孔紧致黑炭面膜	4	1
L***墨	1	3	活动的时候买的，赶紧效果一般般吧，没有以前的好了，是不是假的另说	【紧致细腻】毛孔紧致黑面膜	4	1
****f	0	2	没用过的我看着就是不如意。不好和块钱的分别在那里这面膜纸也差了点吧	毛孔紧致黑炭面膜10片	4	1
****a	0	2	快递包装没打开，就看到盒子已经变形，面膜都出来了，反观另外一个品牌的面膜首先人家外观就完整让人舒服	毛孔紧致黑炭面膜10片	4	1
****z	0	3	面膜收到后，我用了一下，和我以前买的另外一款的面膜味道差不多应该还行。但是我买后不到几小时，价格就降了太多了，有一点心塞。我的心理落差实在是有一点大。	毛孔紧致黑炭面膜10片	4	1
****N	0	2	买了三个，结果还不同时到货。尤其是这个毛孔紧致的，直接用保鲜膜包裹就寄来了。来的时候盒子也被挤压了。不满意。	毛孔紧致黑炭面膜10片	4	1
略***1	0	2	感觉像jia货鼻梁中间为什么有两个三角形的口而且精华比较少	毛孔紧致黑炭面膜10片	4	1
二***叁	0	3	一般般啦。我就不晒图了。快递是很给力啦。就是包装竟然坏掉了。啥也没有。就一盒面膜。盒子都压坏了收到的心情肯定不好啦	毛孔紧致黑炭面膜10片	4	1
****a	0	3	质量是真的不好，精华液少，面膜纸拿出来角落都是干的，	【紧致肌肤】毛孔紧致黑面膜	4	1
****0	0	2	有一盒看起来被拆过的痕迹，包装不行。	【收缩毛孔】毛孔紧致黑面膜	4	1
彩***头	1	2	营养液太少，效果基本没有，贴合性还行，没有下次	【紧致细腻】毛孔紧致黑炭面膜	4	1
****X	0	3	一般般吧不好不坏，凑合用吧送货倒是很快。这次使用纸盒装的没有压迫	毛孔紧致黑炭面膜10片	4	1
u***g	0	3	面膜不怎么样感觉不如芦荟凝胶呢还再也不买了而且贵	毛孔紧致黑炭面膜10片	4	1
****d	1	2	盒子下口，是开的。我觉得是后来放进去的面膜，另一个是粘住的。我对面膜真假辨识度不高，但是这不是热销产品该有的样子。	毛孔紧致黑炭面膜	4	1
熊***盟	1	3	说是一月明显改善，然而用了一盒并没有变化，国外的买那么贵还不如自己国内的	毛孔紧致黑炭面膜10片	4	1
****I	0	2	为什么是拆开过得我就想知道同样的一个系列的面膜这个面膜拿到是拆开过的蓝色的封条还在红色的就没盒子还是烂的	【紧致细腻】毛孔紧致黑面膜	4	1
M***N	1	2	第二次购买了，但是这次收到后外包装破损变形严重，有两盒都没有封口贴的	【紧致肌肤】毛孔紧致黑面膜	4	1
****2	1	3	就算是活动商品还有的外包装应该好好的吧到手就是开着盒的能不能贴个封口的	【紧致肌肤】毛孔紧致黑面膜	4	1
丛***c	1	3	感觉面膜有点小，贴上以后脑门漏一大块，贴其他的都不会这样	毛孔紧致黑炭面膜10片	4	1
u***Y	0	2	这次面膜和以前的布料都不一样的。以前的好。这次的很薄感觉没以前那么好	毛孔紧致黑炭面膜10片	4	1
****x	1	3	一拿出来就发现开过的这是什么意思情况虽然不影响使用但心里还是有点不舒服	毛孔紧致黑炭面膜10片	4	1
汪***Y	0	3	收到就打开试试，面膜不服帖。鼻子短，眼镜又大，怎么贴都不好贴	【紧致肌肤】毛孔紧致黑面膜	4	1
u***6	1	3	外边包装就一个软的快递袋，里边三个盒子面膜，一个盒子压畸形了，另外两个盒子胶条开了。挺好的面膜真不知道为什么要这么糊弄的寄来	毛孔紧致黑炭面膜	4	1
****d	1	3	用了半个月，问了我姐我脸上毛孔有没有变小，她说没有	【收缩毛孔】毛孔紧致黑面膜	4	1
u***3	0	2	贴了一张第一张脸木这是要咋这个还没有鼻子为啥还没东西遮	毛孔紧致黑炭面膜	4	1
d***e	0	2	这个到的晚了一些，可以理解，但是打开包装，包装破损了，还有一层水雾，咋回事	【紧致细腻】毛孔紧致黑面膜	4	1
****S	0	2	这个盒子感觉用了好多次，而起包装连膜都没有，这么粗糙的吗	【清洁收缩毛孔】毛孔紧致黑面膜	4	1
1***p	0	2	收到货有一盒是被人为拆开过的，不知道是啥情况，我买的到底是不是正品和客服联系又让我找另一个售后，麻烦	【清洁收缩毛孔】毛孔紧致黑面膜	4	1
那***娜	0	3	感觉一般，没有蓝色包装的那款用着舒服，而且京东的包装需要改进下，盒子有一个是破的	毛孔紧致黑炭面膜10片	4	1
w***9	0	3	拆开很香，但是不晓得是不是真的哎，用了没啥感觉，用完脸还痒了	毛孔紧致黑炭面膜	4	1
行***w	0	3	没有那么好，而且有点像打开过的，面膜精华也不是很多	【紧致肌肤】毛孔紧致黑面膜	4	1
****b	1	3	这次买的感觉没有之前好用了，精华也不是很多，感觉假	【紧致肌肤】毛孔紧致黑面膜	4	1
****d	0	3	盒子都要烂了，不知道经历了什么，面膜的盒子感觉质量都不好	【紧致肌肤】毛孔紧致黑面膜	4	1
Z***6	0	3	刚看到美迪惠尔的假货新闻，有点不敢用，价格在那里，而且后也没有恢复多少钱，依然是，	毛孔紧致黑炭面膜	4	1
A***g	1	3	这次买的特别不好，还没用，但是包装像被拆过。旧旧的，没上次买的好不明白为啥和上次买的感觉不一样	毛孔紧致黑炭面膜	4	1
A***e	1	2	不好起痘痘。	毛孔紧致黑炭面膜10片	4	1
想***猪	0	2	感觉不太像正品，虽然我没有验证，但是跟我之前从韩国带回来的味道，精华的量都有不同	毛孔紧致黑炭面膜10片	4	1
****a	0	3	用了一贴感觉不怎好，和别的面膜没法比，不像正品	【收缩毛孔】毛孔紧致黑面膜	4	1
陈***凌	0	2	第一次用感觉不错，之后第二天皮肤过敏干燥起皮适合肤质不适用任何肤质	【紧致细腻】毛孔紧致黑面膜	4	1
长***i	0	3	东西不知道怎么样，包装简直一言难尽，盒子破的不成样，幸好面膜没破。	【收缩毛孔】毛孔紧致黑面膜	4	1
胖***1	0	3	味道还是蛮喜欢的，面膜的大小有点小，不适合大脸的。另外就是面膜很褶皱，我不是很喜欢这种粗心的厂家。	毛孔紧致黑炭面膜10片	4	1
新***乁	0	3	怎么说呢，用了一次，但是鼻子那里盖不住有点坑，也没缺就是设计有问题	毛孔紧致黑炭面膜	4	1
****9	0	3	为什么紧致毛孔的面膜没有封口呢还没用也不知道咋样呢，等用了来追评，	【紧致肌肤】毛孔紧致黑面膜	4	1
F***7	0	2	不是新的样子，没有塑封，尤其是开口那里的圆形塑封都没有	【紧致肌肤】毛孔紧致黑面膜	4	1
杨***1	0	3	到货就用了一次，没啥感觉，在用用看效果吧，收到货里边盒子都破了，感觉不是正品	【紧致肌肤】毛孔紧致黑面膜	4	1
S***r	0	3	不好用不推荐黑色比白色的稍微好一点点但是一用就冒痘不适合我的面膜	毛孔紧致黑炭面膜10片	4	1
君***吖	0	3	膜布厚，上脸感觉不是很舒服，精华少	【收缩毛孔】毛孔紧致黑面膜	4	1
肥***啾	0	3	收到那么久还没用，效果且看且待吧不太满意的是记得买的时候看到说三盒有赠品，结果啥也没有	【紧致细腻】毛孔紧致黑面膜	4	1
G***宝	0	3	收到后，今天才试用了一下，五官的孔有点大，用着只是一般以前直在店里面买的，不知道是不是正品，和实体店的有点不一样	毛孔紧致黑炭面膜	4	1
玲***3	0	2	知道什朋友买样面膜，法样，敷完拍干吸收脸总油腻腻，喜欢	毛孔紧致黑炭面膜10片	4	1
****z	1	3	感觉没有补水的那个好，敷完脸有一点点红，不知道是不是过敏了	【紧致肌肤】毛孔紧致黑面膜	4	1
T***h	1	3	包装太差劲，影响心情，刚开还没用，但这个包装开口感觉估计不会太好，虽然期待效果，但包装成这样实在影响对产品的映像，口都摔开了，有点担心	【紧致细腻】毛孔紧致黑面膜	4	1
****e	0	3	怎么说呢京东自营和全球购的用起来不一样味道也不一样的大小也不一样不知道该怎么说	毛孔紧致黑炭面膜10片	4	1
u***9	1	3	面膜很好用点的当天送，晚上七点多就到站点了，等着敷，硬是等到晚上十点半都不给我送过来，电话打不通第二天才给我送过来小哥人很好	毛孔紧致黑炭面膜10片	4	1
5***y	1	3	优惠时购买，用了两贴，脸有些过敏，新买的化妆品太多，也不知道是不是面膜引起，没有再用过	毛孔紧致黑炭面膜10片	4	1
c***5	0	3	第二次购买，感觉效果没以前那么好了，效果一般般	【收缩毛孔】毛孔紧致黑面膜	4	1
L***L	0	2	之前的快递都很好，包括白色的补水胶原蛋白面膜都很好，包装外有塑料膜，但是这次的紧致黑面膜拆开快递盒子，发现包装是拆开的，不太满意，快递盒子都是完好无损的，应该是装货的时候包装盒子就是开的，希望商家给合理的解释或者补偿。	毛孔紧致黑炭面膜	4	1
u***u	0	2	跟实体店买的还是不一样，虽然包装一样，但里面的面膜纸有点不同，里面的液也淡淡的，没有实体店买的粘稠	毛孔紧致黑炭面膜10片	4	1
-***-	0	2	以前是无限回购的一款面膜但这次用完准备换了。面膜精华比以前少之又少。膜布也是很粗糙的叠在一起	【紧致肌肤】毛孔紧致黑面膜	4	1
开***-	0	2	包装盒居然没有封口贴了，不知道是不是正品或者被人开过。我买其它补水款的都有封口贴。第一次买这种先试试看吧	【紧致肌肤】毛孔紧致黑面膜	4	1
麦***兜	1	3	此款面膜上没有美迪惠尔的印字，效果一般吧，感觉还是基础补水的好用	【紧致肌肤】毛孔紧致黑面膜	4	1
u***x	0	2	不好用，完全不是正品，跟之前买的不一样，味道不一样，敷完感觉不一样，就是简单的补水面膜	毛孔紧致黑炭面膜10片	4	1
****e	0	3	买了四盒，三盒外包装颜色一样，另一盒外包装粉色较重，也不知道到底哪个是正品，	【收缩毛孔】毛孔紧致黑面膜	4	1
k***n	0	2	我买的是六盒紧致肌肤补水的，只发了两盒是紧致肌肤补水的四盒是其他的。	【收缩毛孔】毛孔紧致黑面膜	4	1
****s	0	3	不咋地，一般般，不好用	【深层清洁】毛孔紧致黑面膜	4	1
u***x	0	2	面膜一般，敷完面膜之后没有亮肤的效果感觉就没什么效果，没有之前我用的那个葵儿面膜效果好	毛孔紧致黑炭面膜10片	4	1
9***9	0	2	面膜好厚，不贴脸，才刚刚用不知道效果怎么样，贴到脸上挺舒服的，就是不知道效果怎么样	毛孔紧致黑炭面膜10片	4	1
****2	0	3	韩国朋友带回来的和这个比较，看包装截止生产日期钢印这个不清晰，里面的面膜，那个厚度明显高于这个，撕不断这个确薄的容易撕开，京东的化妆品我还是慎购好了。	毛孔紧致黑炭面膜10片	4	1
C***y	0	3	面膜很丝滑，上脸的感觉不错，但是吸收效果不好，补水一般，收缩毛孔好像也没有多大效果，太太太贵了。	毛孔紧致黑炭面膜10片	4	1
S***6	0	2	物流很快，只是这封箱胶封那么多层，还封不好，一点都不专业，让我怀疑是不是被拆过了。面膜敷过一次，收毛孔还看不出什么效果，敷完之后脸滑滑的，还行吧不过这价格降得快，买时说搞活动，买完了，呵呵鄙视	毛孔紧致黑炭面膜	4	1
莱***语	0	3	这个面膜的打孔像个魔教山炮，你家人是不是眼睛都长嘴边没鼻子没脑门效果一般。主要是气	【紧致细腻】毛孔紧致黑面膜	4	1
u***s	0	3	实话实说，活动时候价格便宜了三分之一到四分之一。但是质感和效果，和平时的没法比。让我怀疑是假货。有点不靠谱。粗糙一些，效果感觉也不一样。还是平时买吧。	毛孔紧致黑炭面膜	4	1
桃***哟	1	2	买了三盒，感觉只有蓝色的那盒包装看着像真的，绿色的那盒包扎已经破了，像是被拆过，没有在店里买的包装严实，以后化妆品还是在实体店买吧	【收缩毛孔】毛孔紧致黑面膜	4	1
杨***姐	1	2	我是油性肌肤，我觉得不好用，粘粘的，用后不舒服，一点都不清爽，膜也不够大，没觉得能吸皮肤的脏东西。	毛孔紧致黑炭面膜10片	4	1
u***z	1	3	买了三盒，拿到快递粉色盒就是打开的，也不像其他两个有透明贴口，蓝色盒圆形贴口像是拆开重贴过，绿色没问题，应该是正品吧，还没有使用，但是扫了一下有美迪惠尔的页面弹出，物流很快，总体来说收到货的心情不太愉快，只能给中评了	【紧致细腻】毛孔紧致黑面膜	4	1
M***U	1	3	用了两次，觉得这个贴上不是很顺滑，还是喜欢那种比较软点的面膜。觉得一般吧。没想象中好	【紧致细腻】毛孔紧致黑面膜	4	1
暴***S	1	3	寄到来的包装盒是打开，无封口的。对是否为正品提出疑问另打开包装拿出面膜，精华液较在香港购买的稀，味道挺难闻的。	【紧致肌肤】毛孔紧致黑面膜	4	1
C***e	1	3	一次买了很多盒，已经用了一盒多，一盒里面会有两三片里面是没有什么精华的，前几天还用过一片里面有两片面膜纸也是没什么精华的，总体来说感觉不怎么好，像是参了假一样的面膜	【紧致细腻】毛孔紧致黑面膜	4	1
b***r	1	3	不好用，以后不会再买这个品牌，精华液跟少，面膜也小，不能覆盖脸部全部，脸也不算大	【紧致肌肤】毛孔紧致黑面膜	4	1
****L	0	3	用了快一个月了没有多补水还是爆皮而且不是很薄的质感而且收缩毛孔那款有过敏现象听朋友说京东百分之的掺着假货卖不会分辨不知道是不是正品	毛孔紧致黑炭面膜10片	4	1
****8	0	3	面膜贴到脸上后，把包装里的液体倒在手背上，感觉像水一样，一点黏稠的感觉都没有，今天发现毛孔粗大，跟之前用的面膜感觉不一样，不知道是面膜问题还是什么原因，总之我本人觉得这款商品很一般	毛孔紧致黑炭面膜10片	4	1
****f	0	3	感觉没啥效果，补水效果也没有，一星期差不多用了三四次，没啥效果，之前贴AHC第二天早上脸上都滑滑的，这个用了之后半个小时后脸上就干干的	【紧致细腻】毛孔紧致黑面膜	4	1
u***k	0	2	之前韩国朋友买的盒用完，每一片都轻易撕开，这次京东买的盒用了两片都撕不开，还要找剪刀。因该是高仿，除了卖的好的那款，其他包装纸盒质量明显差些。香味一样，用起来精华质感有点不一样，水库那款补水效果还行。其他还没尝试怕过敏。	毛孔紧致黑炭面膜10片	4	1
宇***同	0	3	面膜纸比较厚，效果因人而异吧，包装比较简单，蓝色补水哪盒，就一个包装贴贴住的，收到包裹打开发现向开过的，没有细数，用了一片，小孩拿出来玩，我就数了一下，剩下片，已经买了那么久，也不好找商家理论，也没有理论依据，所以买到的，发现包装贴纸不对劲就一定要数数，	毛孔紧致黑炭面膜	4	1
****s	1	3	效果不知，不过用了蛮多这个牌子的。就是包装有点诡异，有的盒子外没有封口有的有封口，感觉很随意。，有的颜色的里面液体很少，并不是面膜大小的缘故，是少很多。	【紧致细腻】毛孔紧致黑面膜	4	1
a***m	0	3	京东速度的确是快，只是这货这是积压太久还是快递太暴力，盒子都变形还开口了，虽然编码开头，可跟从代购那买的完全不同，面膜袋子颜色略有差异，精华没有代购那买的多，而且此面膜香精味过重，还比较粘，不知道这是区别不同是批次问题还是根本的仿货，不会在回购		4	1
心***笑	0	3	包装来了都压扁了，面膜从盒子里全掉出来了，同款蓝色的就有封口的商标，怎么粉色的没有感觉粉色的像是临时塞进去的一样。没道理升级版还不如普通版的。	【紧致细腻】毛孔紧致黑面膜	4	1
****e	0	3	快递刚收到，快递直接送到门口，因为吃饭时间没有去领，还没有用，不知道效果有没有预想的好，但愿吧，买了两款的面膜，外包装箱子完好的，但是打开有一个面膜盒子是开着的，有点担心。一种在拆封出都有透明logo胶带封着，那个可好，没有胶布就算了，还是开着的。	【紧致细腻】毛孔紧致黑面膜	4	1
****2	1	3	真的一般，可能是不适合我吧，我用起来没什么效果，还不如一般面膜补水效果好，早上起床脸上干巴巴	【收缩毛孔】毛孔紧致黑面膜	4	1
****m	0	2	一开始用了大概片，保湿效果好，不粘腻可是脸上边眼角开始痒，然后红肿，出水，流黄色液体后来买药膏和芦荟胶都不管用，越来越严重。索性去医院，医生开了硼酸溶液配纱布湿敷，敷了三天，症状减轻了。好了，我又开始敷，敷了片，这下好了，症状又复发了这个时候我才意识到是面膜的问题。不清楚是我皮肤不坚强还是面膜，反正还剩下多片呢损失不止一点点	毛孔紧致黑炭面膜	4	1
****5	1	3	怎么说呢东西收到了就开始用了目前用了三片了，不同款的感觉不像是正品，我的皮肤不算是敏感肌肤但是用下来感觉有刺痛感，不知道是不是错觉，我第一次用这个品牌，不知道是不是品质问题，之前用的几款面膜都很舒服没有啥不适感，牌子就不说了不然有打广告的嫌疑，其他的我多用几次再来追评	【收缩毛孔】毛孔紧致黑面膜	4	1
茜***3	0	3	包装太差，与实体店不一样	毛孔紧致黑炭面膜10片	4	1
慧***咋	0	2	包装特别不好，都烂了，贵	毛孔紧致黑炭面膜10片	4	1
董***2	0	2	内包装纸盒都坏了，很失望	毛孔紧致黑炭面膜	4	1
****鱼	0	2	很不开心，外包装被拆开过。	毛孔紧致黑炭面膜	4	1
创***靈	0	3	包装很一般，感觉像假货	毛孔紧致黑炭面膜10片	4	1
****的	0	3	真想给一颗星，包装开了烂了	毛孔紧致黑炭面膜10片	4	1
****5	0	2	真忽悠人，一看就不是正品吧	毛孔紧致黑炭面膜10片	4	1
p***d	0	2	刚刚买完就降价了，太垃圾的。	毛孔紧致黑炭面膜10片	4	1
J***0	1	2	这个包装让人真是无语，差评	毛孔紧致黑炭面膜10片	4	1
****b	0	2	买贵了，别的商城便宜很多。	毛孔紧致黑炭面膜10片	4	1
u***l	0	3	套装误差竟然全是拆开的，失望	毛孔紧致黑炭面膜10片	4	1
****e	0	3	盒子都破了，包装太不完善了	毛孔紧致黑炭面膜10片	4	1
****q	1	3	包装太差了，而且外包装也坏了	毛孔紧致黑炭面膜10片	4	1
u***x	0	2	这次的包装很简陋盒子是破的	毛孔紧致黑炭面膜10片	4	1
m***爱	0	2	不太满意一点都不好用	毛孔紧致黑炭面膜10片	4	1
海***g	1	3	这包装我也是无语了，送人怎么办	毛孔紧致黑炭面膜10片	4	1
****m	1	2	物流是很快啦，但包装破损，很失望	毛孔紧致黑炭面膜10片	4	1
终***虫	0	2	包装盒特别破，不像新东西	毛孔紧致黑炭面膜	4	1
喵***5	0	2	很失望在京东第一次收到这样的快递	毛孔紧致黑炭面膜10片	4	1
冰***i	0	2	无语，包装。肯定是已经拆过的	毛孔紧致黑炭面膜10片	4	1
z***3	1	2	买错了，不影响二次销售，还不给换货，差评	毛孔紧致黑炭面膜10片	4	1
分***源	1	3	就这样吧，没感觉啥特别效果	毛孔紧致黑炭面膜	4	1
百***锋	0	3	用起来感觉非常一般不像真的	毛孔紧致黑炭面膜10片	4	1
u***m	0	2	商品包装都烂了，让人很难相信是正品	毛孔紧致黑炭面膜10片	4	1
孙***猫	0	3	盒子很旧，感觉放了好久，还有灰。	毛孔紧致黑炭面膜10片	4	1
X***D	0	2	不知道是真货还是假货。包装盒低部被拆过，	毛孔紧致黑炭面膜10片	4	1
a***1	0	3	盒子很破，有打开的迹象，无语	毛孔紧致黑炭面膜10片	4	1
u***x	1	3	效果真心一般般，没有改善。是不是假货	毛孔紧致黑炭面膜10片	4	1
u***1	0	3	太不保湿了，而且还油，不理想	毛孔紧致黑炭面膜10片	4	1
a***i	0	2	刚到发现活动降了左右，无语	【紧致肌肤】毛孔紧致黑面膜	4	1
1***沫	0	2	货到了包装全部压坏完了，这物流也太差了	【紧致细腻】毛孔紧致黑面膜	4	1
j***7	0	2	包装盒没有封口，买了很多次，第一次遇到，很失望	毛孔紧致黑炭面膜	4	1
u***b	0	2	鼻子部位的敷不到，太省材减料了吧。	【紧致细腻】毛孔紧致黑面膜	4	1
檬***豆	1	3	快递员不送货上门还没看到东西就显示已签收差评	毛孔紧致黑炭面膜10片	4	1
l***e	1	3	压扁了都我也不想说什么包装太差	毛孔紧致黑炭面膜10片	4	1
2***年	1	3	买来用了两片，效果很一般，价格可不便宜	毛孔紧致黑炭面膜10片	4	1
****8	0	2	感觉没什么用，额头的范围太短了	毛孔紧致黑炭面膜	4	1
****e	0	3	这次精华液太少，看样子真的是真假一起卖的	毛孔紧致黑炭面膜10片	4	1
u***5	0	3	盒子完全压烂了，变形了，里面包装没事，包装太差了	毛孔紧致黑炭面膜10片	4	1
y***0	0	3	打开盒子都被刀划了这么大口子，最上面面膜也破了	【紧致肌肤】毛孔紧致黑面膜	4	1
w***a	1	2	没封口，真假不知，感觉很不靠谱	【紧致细腻】毛孔紧致黑面膜	4	1
芯***蝶	0	3	开箱就看到面膜打开来的，反正心理很不舒服	毛孔紧致黑炭面膜	4	1
****d	0	2	盒子挤压变形，包装简陋，给人一种非正品的感觉	【紧致肌肤】毛孔紧致黑面膜	4	1
s***7	0	2	盒子拆过的，盒子拆过的，什么鬼，严重怀疑会不会是货	毛孔紧致黑炭面膜10片	4	1
****x	0	2	不知道是不是正品，包装真心不好看图吧，	毛孔紧致黑炭面膜	4	1
老***咂	0	2	我上午刚买的下午就降价了，真是太不要脸京东就爱半这种事了	毛孔紧致黑炭面膜10片	4	1
熊***4	0	2	拆开盒都是烂得，难道是因为打折买的最差的一次	【紧致肌肤】毛孔紧致黑面膜	4	1
****d	0	3	盒子变形了。真假不知道。用着效果也不太明显	毛孔紧致黑炭面膜	4	1
u***w	1	2	包装太简陋了，本来购买送人的。结果盒子压的稀烂。很是无语	毛孔紧致黑炭面膜	4	1
****5	0	2	精华太少了，感觉没什么效果	【紧致肌肤】毛孔紧致黑面膜	4	1
****0	0	3	面膜的精华很少，是黑色膜布	【紧致肌肤】毛孔紧致黑面膜	4	1
****r	1	3	敷过之后觉得脸上很痒，也许有些过敏	毛孔紧致黑炭面膜10片	4	1
****y	1	3	补水效果一般般。没让我感受特别好。	【紧致细腻】毛孔紧致黑面膜	4	1
h***何	1	2	真心没什么效果毛孔依然在，皮肤依然差	毛孔紧致黑炭面膜10片	4	1
u***z	0	2	快递打开盒子都没有密封，感觉很不放心的样子	【紧致细腻】毛孔紧致黑面膜	4	1
w***n	1	3	是我脸太大了，还是膜太小了。效果也一般	毛孔紧致黑炭面膜10片	4	1
小***生	1	3	买了四盒不同功效的但唯独这款包装不同而且条码还是贴的，真的很失望	【紧致细腻】毛孔紧致黑面膜	4	1
v***v	1	3	很难用的一款面膜，敷了等于没敷	毛孔紧致黑炭面膜10片	4	1
妍***玲	0	3	网上评论都有说真假的，我也不清楚，用了在评	毛孔紧致黑炭面膜10片	4	1
R***d	0	3	不知道真假，发票也不知道真假，没看见水印，都有点后悔买了	毛孔紧致黑炭面膜10片	4	1
W***任	0	3	为什么面膜这么厚跟上次买的就不一样呢很厚	毛孔紧致黑炭面膜10片	4	1
z***5	1	3	京东买东西这么多年，一般来说，只要东西还过得去，都会给好评价格波动太大	毛孔紧致黑炭面膜	4	1
z***n	0	3	拆开快递袋子面膜就是这样，谁能告诉我路上经历了什么是否正品有待确认。	毛孔紧致黑炭面膜10片	4	1
最***贝	1	2	已经买过好多次了第一次给差评打开外面包装袋后里面是撒开的	毛孔紧致黑炭面膜	4	1
x***4	0	2	买了两盒，打开快递盒子是坏的，让我的心里很不舒服。	毛孔紧致黑炭面膜10片	4	1
s***l	0	3	价格偏高了，大家看好了再买，在京东再找找别的一模一样的东西对比一下再买吧	毛孔紧致黑炭面膜10片	4	1
****t	0	3	我这个人很少评价的，但是今天的这个面膜我是真的很生气，包装真的太差劲了	毛孔紧致黑炭面膜	4	1
n***芳	0	2	感觉不是正品，没精华液，直接水也很干	【紧致肌肤】毛孔紧致黑面膜	4	1
崔***宇	0	3	连着用了三天早上化妆脸还是特别特别干，不上妆	毛孔紧致黑炭面膜10片	4	1
****8	0	3	精华液也太少了，	毛孔紧致黑炭面膜	4	1
1***p	0	2	包装外层塑料纸没有，防伪码没有，给人拆过你们是真货	【紧致细腻】毛孔紧致黑面膜	4	1
u***6	1	3	很是晕，买二半价，我记得下了件单，可收到的是一件，也许是我记错了吧。可商家也没有提醒，也没有发给我两件逊可不是这样	毛孔紧致黑炭面膜10片	4	1
事***啊	1	3	是很好用，然后刚买就降价，还因为使用了优惠券不给价保无语	毛孔紧致黑炭面膜10片	4	1
朔***1	0	2	产品刚收到货，到手全是这个样子，也不知道真假了，以前买的都会给装在个箱子里面，这次无语了	毛孔紧致黑炭面膜	4	1
u***p	0	3	保护措施太差，收到时面膜包装盒已被挤开。	【收缩毛孔】毛孔紧致黑面膜	4	1
****7	0	2	三天一直给客服发消息，客服一句话没说，产品不说，就这个服务态度，差评怒｀Д´怒	【紧致细腻】毛孔紧致黑面膜	4	1
w***6	0	3	囤货的。第一次收到京东货后是这样的包装就用一个袋子，。太简陋了吧打开看到烂盒子，毁三观	毛孔紧致黑炭面膜10片	4	1
****g	0	3	现在感觉京东有点坑，刚买完没多久就降价了无语	毛孔紧致黑炭面膜	4	1
****j	0	2	盒子是真的，产品不知道，买了两盒发过来后面盒子都是拆过的，无语了	毛孔紧致黑炭面膜10片	4	1
****r	1	2	好失望，箱子也舍不得用，面膜直接用个快递袋子装着，被压得烂烂的，	毛孔紧致黑炭面膜10片	4	1
u***7	0	2	很差哦，特别是包装，就一个塑料袋，面膜都被压坏了	毛孔紧致黑炭面膜	4	1
小***啊	1	3	还没开始用，不过外包装让人很不爽。打开散一地，盒子居然被打开过。	毛孔紧致黑炭面膜10片	4	1
****g	1	3	液体太少了，太	【紧致肌肤】毛孔紧致黑面膜	4	1
m***z	0	2	效果一般，精华太少，面膜太扁不适合我的脸型	毛孔紧致黑炭面膜	4	1
****b	0	2	真假不说，看这包装，你什么感受退货还要联系不知道什么的其他客服，体感太差。	【紧致肌肤】毛孔紧致黑面膜	4	1
天***女	0	3	京东包装真的是太粗糙了，东西直接放盒子里面就完事儿了都没有保护措施是不是正品还不能保证	毛孔紧致黑炭面膜10片	4	1
****a	1	3	包装特别简陋，到的时候都散了，面膜掉出来，一点也没有好产品的样子，差评	毛孔紧致黑炭面膜	4	1
爱***儿	0	3	包装真的很差劲，就一个破袋子，里面面膜盒子都被挤扁了，这么多年买东西，第一次感觉包装磕碜人	毛孔紧致黑炭面膜10片	4	1
u***z	0	3	一直买这家的，这次的货居然是开封的，并且看胶水应该开封了很久。	毛孔紧致黑炭面膜10片	4	1
u***f	1	3	不知道真假，还没开始用，不过包装盒的封胶有拆过重粘的痕迹，有点不太敢用了	毛孔紧致黑炭面膜10片	4	1
u***z	0	3	包装打开过的痕迹很明显拍了图片本来不想要的嫌退货麻烦	【紧致肌肤】毛孔紧致黑面膜	4	1
y***-	0	3	盒子是这样的，真心让人喜欢不起来，而且日期是后贴上的，真正的日期谁知道呢	毛孔紧致黑炭面膜10片	4	1
u***3	0	2	东西收到了，商家包装的时候能不能用点心啊，包装太简陋，盒子都压扁了，还没有使用，用完后再追加评价	毛孔紧致黑炭面膜10片	4	1
通***笑	0	3	盒子的条码和面膜贴的条码不一致，包装盒是拆过得，买了三盒两盒假的，真是给京东了以后不买韩国的化妆品	毛孔紧致黑炭面膜	4	1
****0	0	3	什么情况，准备评价看到其他同款才，我买的是我买贵了，还是便宜的是假的也差太多了吧一直觉得京东靠谱，看来都一样	毛孔紧致黑炭面膜10片	4	1
****c	0	3	京东快递现在越来越垃圾了，无语	【收缩毛孔】毛孔紧致黑面膜	4	1
k***s	0	3	不知道真假，买了三种，扫描条码，有的显示正品，有的显示来自韩国，估计掺和卖的，失望	毛孔紧致黑炭面膜	4	1
C***遍	0	2	这个收到后才发现是升级版，包装不同，敷了之后比老版的差远了。盒子看着特假象，这已经是回购的第三次，今天之后不会再回购了。	毛孔紧致黑炭面膜10片	4	1
****d	1	3	面膜贴的质量很一般，薄厚不一，鼻子的部分太短了物流很快	毛孔紧致黑炭面膜10片	4	1
****e	0	2	买回来，打开一看，像是手一样，皱巴巴的，跟第一次买的，差别太大了。这次还买了盒，太失望了。	毛孔紧致黑炭面膜10片	4	1
我***r	1	2	包装实在是简陋的不能再简陋，很差劲，没见过这么垃圾的京东快递包装，真是颠覆我的认知	毛孔紧致黑炭面膜	4	1
展***卓	0	2	包装也太随便了盒子都变形破了精华也不多不推荐购买唯一欣慰的是可以扫到码	毛孔紧致黑炭面膜10片	4	1
****w	0	3	怎么说呢，用这也没觉得不好，但是一看就是假的，跟正品比薄了很多反正不会再买了	毛孔紧致黑炭面膜10片	4	1
u***i	0	3	感觉很一般，看着评价买的，真不知道那些怎么来的，像水一样	毛孔紧致黑炭面膜	4	1
****3	0	3	太小，不够脸，但是平时用的够，这个实在是太小了	毛孔紧致黑炭面膜	4	1
****b	0	2	这包装也太差了跟打开过得一样比几十块钱的包装还差心情很糟糕不知道用着怎么样	毛孔紧致黑炭面膜10片	4	1
d***n	0	2	我感觉自己买的是假货贴完面膜之后皮肤还是很油不起作用	毛孔紧致黑炭面膜10片	4	1
枫***丶	1	2	第二次购买的明显比第一次薄了很多，而且效果差了不少。不知道是故意批次质量下降还是品控问题。	毛孔紧致黑炭面膜10片	4	1
兜***_	0	3	买了两盒，这盒包装已经坏了，太糊弄人了吧。，不是快递包装，是装面膜的盒子，买的人，请三思	毛孔紧致黑炭面膜10片	4	1
k***9	1	2	这次发货非常不满意，京东自营太随意了，来货破损，虽然不影响使用，但是送人没法送了	毛孔紧致黑炭面膜10片	4	1
小***邓	1	3	好不好用先不说，这包装也太草率了吧。面膜到了手里盒子被挤成什么样了，难道这价格不值这包装	毛孔紧致黑炭面膜10片	4	1
m***c	0	3	包装太差了吧，就只用一个袋子装着，到货的时候盒子都被压坏了，面膜全部出来了，不开心	毛孔紧致黑炭面膜10片	4	1
t***威	0	2	包装真没谁了虽然没试过效果看了包装第一印象就不想用了起码封个盒子膜大体一点啊还好不是送人的不知道还真以为是二手的	【紧致肌肤】毛孔紧致黑面膜	4	1
u***u	1	3	还没用，但是包装太差，面膜盒不知道被人撕开了还是压坏了	毛孔紧致黑炭面膜	4	1
李***1	0	2	京东是要倒闭了么，舍不得用一个一个盒子装。就一个油纸袋装着，一打开感觉不如路边摊。简直了	毛孔紧致黑炭面膜	4	1
****k	0	2	包装不知道是为谁拼过命，打开就是这样子，很有可能是别人退回来的货，包装的都不怎么样，劝你们慎重	毛孔紧致黑炭面膜	4	1
蕾***9	1	2	还没用，效果先不说，拆开快递一个盒子看着很久，一个明显被人拆过	【紧致肌肤】毛孔紧致黑面膜	4	1
f***3	1	2	第一次买皮肤紧致的，拿到后就感觉是拆开过，包装一点都不好，我都不敢用了	【紧致肌肤】毛孔紧致黑面膜	4	1
S***n	0	2	包装盒烂了，下了两次单，都烂了。纠其原因无非是快递员用袋子装着送货，压一下就烂。面膜虽无损，但真的不重视包装，干嘛不直接拆了卖散装呢	毛孔紧致黑炭面膜10片	4	1
T***b	0	2	第一次遇到这种情况，这面膜剪得也太不理想	【收缩毛孔】毛孔紧致黑面膜	4	1
风***痕	1	3	面膜你们也不能拿个袋子直接装来吧不知道化妆品都得用箱子吗看看摔成什么样了京东这么玩吗	毛孔紧致黑炭面膜	4	1
唔***吖	0	3	用了没过敏，但是盒子是打开的没有封。怀疑换了面膜，比如说你买两盒减免。一盒是真的，另一个必定是打开过的至于打开过没封的那盒是真是假就不知道了。	【紧致细腻】毛孔紧致黑面膜	4	1
W***4	0	2	用着怎么样不知道第一次收到时候里面包装全坏了重新给换货一盒个但是连盒子封口贴都没有很怀疑进口东西就这样么	【紧致细腻】毛孔紧致黑面膜	4	1
****i	0	3	还没用，但是面膜的盒子都碎了，面膜都撒出来了，包装实属差劲	【紧致肌肤】毛孔紧致黑面膜	4	1
我***水	1	3	真的一般，敷这周面膜脸非常冰，不建议购买	【收缩毛孔】毛孔紧致黑面膜	4	1
****a	1	3	真是一分钱一分货，以后还是买点贵的吧，这个精华液越来越少，而且跟水一样	毛孔紧致黑炭面膜	4	1
*****	0	2	京东买了这么多次东西，今天第一次给这么糟糕的评价，袋子拆开面膜是压扁的，盒子是打开的，就算是运输不当，外面连层膜都没有，一看就是别人打开过	毛孔紧致黑炭面膜10片	4	1
熊***i	0	3	亲我想问这个包装是认真的吗的蚊香都能用个纸盒子包着这个是个什么鬼	毛孔紧致黑炭面膜10片	4	1
啊***9	0	3	一般般，没有特别的功效，很普通的面膜	【收缩毛孔】毛孔紧致黑面膜	4	1
c***s	0	3	批评一下快递，送我其他货的时候，我问了问这个，被告知货太多装不下，理解他的工作不易，我让快递第二天再送。却不料货没送到却被变为已经送货的状态了。可能是京东对他们的考核要求吧，但是于我却是造假，不能接受。	毛孔紧致黑炭面膜10片	4	1
青***青	0	3	送人的，效果怎么样也不太清楚，但是我要吐槽一下物流。送的快没毛病是吧，可我选择了号配送为什么号就配送了我问客服客服居然跟我说那你可以第二天再取我选时间段的意义何在	毛孔紧致黑炭面膜	4	1
没***性	0	3	刚收到就降价啦，宝宝很不开心，买了好几种，还没有用，等用了在追评，蓝色包装补水的用着有点粗糙	【紧致肌肤】毛孔紧致黑面膜	4	1
D***5	0	2	用了两次了，说实话真不怎么样，还没我钱买的面膜补水呢，真不值这个价，用完之后感觉没什么效果。	毛孔紧致黑炭面膜10片	4	1
****j	0	2	超级差。挂不住水，精华液直接流下来啦	【收缩毛孔】毛孔紧致黑面膜	4	1
u***1	0	3	不知道为什么面膜盒子全是打开的。盒子也很褶皱心里很不舒服	【紧致肌肤】毛孔紧致黑面膜	4	1
吴***溪	0	2	今天收货后发现现在三盒为毛我号买的两盒找了客服说不在报价内我就呵呵了说着说着不理人了对JD失望	【紧致细腻】毛孔紧致黑面膜	4	1
一***盾	1	3	搞活动一次买了三个，每个都试试，不过就该拿到手的包装来说，给不了高评分，包装背压变形不说，封口的胶贴很不平整，感觉像是二手货，很不满意。	毛孔紧致黑炭面膜10片	4	1
****6	0	3	打开包装，发现已经被打开过了，套装勿拆标签都已经被拆了，盒子倒是韩国标语，既然已经被打开过了，就不知道里面的真伪了	毛孔紧致黑炭面膜10片	4	1
****0	0	3	不知道这个是真的还是假的，之前用的面膜纸没有这么厚，这个太厚了，乎脸，包装还被压坏了	毛孔紧致黑炭面膜10片	4	1
梦***l	0	3	第一次用这种面膜，不知道是因为是假的还是这种面膜就这样，太小了，我这么小的脸都敷不全，鼻子也不全，不多说了，大家看图吧	毛孔紧致黑炭面膜10片	4	1
小***丶	0	2	不知道是真是假。反正用完没有任何效果，感觉精华也没有吸收，很腻，不舒服	毛孔紧致黑炭面膜10片	4	1
****8	1	3	这次很明显盒子是被打开过的，上面的透明粘贴被撕开过，而且有指甲印和指纹。本人表示很费解	【紧致细腻】毛孔紧致黑面膜	4	1
****l	0	3	同城发货，第二天就收到了，不得不说这个包装太差了，盒子都变形了。	【收缩毛孔】毛孔紧致黑面膜	4	1
啦***头	1	2	最近京东不知道怎么了，配送越来越慢了正常下午配送时间点，晚上八点都没来，奇怪的是显示配送的人员还不知道快递在哪，好不容易送来了，包装还是破的以前从来不会出现这样问题	毛孔紧致黑炭面膜10片	4	1
****Q	0	3	怀疑是假的。非常容易撕扯，眼眶这里大的恨不得拉到太阳穴。并且客服说了，不支持防伪查询	【紧致肌肤】毛孔紧致黑面膜	4	1
z***8	0	3	一点也不好和上次在全球购里买的不太一样里面的精华液太少了纸也很薄感觉有点像假货哦	毛孔紧致黑炭面膜	4	1
火***店	0	2	第一眼看见这没有一个中文说明而且非常廉价的包装我就想退货，想想退货挺麻烦还费钱就将就用吧，面膜有点偏小，鼻子和眼睛开口偏大。反正不会再买了。	【紧致细腻】毛孔紧致黑面膜	4	1
迷***猪	0	3	买了四盒面膜，有三盒都是打开的，只有一盒没打开，给人的感觉很不舒服，都不像真的，好像随便装在盒子里的。	【紧致肌肤】毛孔紧致黑面膜	4	1
u***w	0	2	我觉得很一般。这款没有多少水分。和补水比起来，差远了。当时用了一贴之后特别想退掉，但是嫌麻烦。	毛孔紧致黑炭面膜10片	4	1
u***k	0	2	面膜都不能把脸部敷满。面膜太小。效果不好。材质不好。一股怪气味	毛孔紧致黑炭面膜10片	4	1
M***苒	1	3	不服贴产品质感极少的原液，连面膜都没有泡透补水效果没有原液那里补水，太差了	【紧致肌肤】毛孔紧致黑面膜	4	1
u***6	0	2	说真的，面膜是不是正品不知道，我只知道面膜里的乳液太少了，刚收到货摸一下袋子就知道没什么乳液，还想退货呢，嫌麻烦就没退，当天晚上就用了，一张面膜纸拿出来，袋子里基本没有精华液了，挤都挤不出一点，没有在全球购买的好，在全球购买了一次，乳液多的很，跟这个完全不同，更不明白为什么包装盒后面写的是广州地址	毛孔紧致黑炭面膜10片	4	1
****p	0	2	有良心不，是真货不，用了两张了，居然像卡粉一样，太差劲了，包装里面的面膜也是缺头缺尾，脸越用越干还起皮，	毛孔紧致黑炭面膜	4	1
可***简	0	3	『美迪惠尔毛孔紧致面膜·日记』·买家专治毛孔问题的，真希望能有好效果。二·用了两星期来评价，效果也还好，配套使用了悦诗风吟的火山泥洗面奶。三·包装真是坏的，这是为什么我看了好多人的差评，我一开始还不信，打开看的时候就不得不信了。	毛孔紧致黑炭面膜10片	4	1
****e	0	2	物流很快。今天早上敷了一片，额头盖不完鼻头还漏出三分之一。这是什么鬼面膜。好后悔一下买了二十片。还那么贵。现在就希望效果不要让我再失望了	【紧致细腻】毛孔紧致黑面膜	4	1
静***9	0	2	用了脸发红，发痒，隔天爆长痘，找客服说要去三甲医院检查报告单，为了这面膜，花那么多钱去医院检查，可检查不起一分钱一分货一共买了四盒，都浪费了以后再也不会相信	毛孔紧致黑炭面膜10片	4	1
C***4	0	3	大干了，不够水分，请问是不是买到假货了。而且很厚的面膜，未知有无效果，实在太少水分	毛孔紧致黑炭面膜10片	4	1
****q	1	3	封口没有贴纸，就像开过的一样，底部还坏了，让人感觉很不爽啊，打折商品也不用这么敷衍吧，希望用了以后我的脸没事	【紧致肌肤】毛孔紧致黑面膜	4	1
j***a	1	2	第一次感觉在京东买到了假货。跟去年自营买的同款同链接差太多太多，精华液不存在的，基本上跟纯净水一样了，到处流。感觉对比上次的像被稀释了好多倍。	毛孔紧致黑炭面膜10片	4	1
****u	0	3	东西收到了，还没有用不知道好不好，可是看包装很是失望，打开一看小包装盒里没产品，产品就这样挤压放外面，四盒拿子都压扁扁的，京东本是我最信赖的平台，这次着实的心里不爽，以后用了看看效果怎么样，在来和大家分享	【紧致细腻】毛孔紧致黑面膜	4	1
l***1	0	2	刚收到就这个样子包装盒都是开着的里面的面膜也有贴包装破了里面的液体都流出来了不知道是不是别人退的货啊很无语面膜还没用对这个包装很不满意	毛孔紧致黑炭面膜10片	4	1
****a	0	2	无语了，收到货盒子已经压变形，有一个直接都打开了，盒子连个外包装都没有，都怀疑是不是正品了	【收缩毛孔】毛孔紧致黑面膜	4	1
x***e	1	3	一直使用这个品牌的面膜，活动网购了几盒，实在不敢恭维，面膜尺寸是迷你版的，以眼睛上缘为中心，盖住鼻子很短，额头也只盖住了一点点，疗效也很一般，真验证了一分价钱一分货的道理	【紧致肌肤】毛孔紧致黑面膜	4	1
晓***6	1	3	朋友推荐还没开始用，一次性入手三盒，不知效果怎么样，刚收到货，但令我疑惑的是有一盒没有封口条，疑似被拆开过。搞到有点不太敢用了。一起下单的，对比一下。确实是被撕了封条，在京东上买了这么多东西第一次给不出好评	【紧致肌肤】毛孔紧致黑面膜	4	1
人***落	0	3	很多年前朋友推荐过这个牌子给我，今天才开始使用，我不知道是否是正版，每个包装盒的二维码都是一样，扫描出来显示的只是官网，没有真假鉴定。使用了一张，面膜纸黏在一块，分开的时候容易用力过猛，面膜大小偏小一点，适合小脸的女生，大脸不建议买	毛孔紧致黑炭面膜	4	1
****v	0	3	看评价，看销量购买的，今天第一天用，里面精华液太少了，除了面膜上，袋子里几乎就没有了，面膜鼻子也盖不上看看效果吧	【紧致肌肤】毛孔紧致黑面膜	4	1
****◆	1	2	去黑头的效果没看到，补水效果基本没有。最近不知道是不是出油多了，特别干，黑头也明显。用了这个还是特别干，黑头也没有改善，不适合我	毛孔紧致黑炭面膜	4	1
C***4	0	3	用完还是好干不值这个价补水效果太一般了贴合效果眼睛那块儿太大了	【收缩毛孔】毛孔紧致黑面膜	4	1
这***面	0	2	因为是双十一购买的，很少在京东下单，不知道没货了可以调货这样子，然后四盒面膜分两次发货配送，第二次收到的三盒面膜中，有两盒包装严重破损变形，而且胶封口很明显的人为拆封痕迹，胶污迹和灰尘可以判断出拆封很久了，疑似弃盒，或者说可以算是垃圾了。我也不知道快递没签收，订单还能自动完成交易，找商家客服正当反馈咨询从来没人搭理，我只好逐个自行申请售后准备换货，过了一会儿京东客服打电话来了，解释说是双十一快递爆仓运输啥的压坏了，我不认同，压坏跟拆坏能够明显分辨，客服接着说给我退款不退货，我合计换货他们不划算，所以想了个他们损失最小的方案给我，我也没多说，结果收到一单退款处理，明明电话里问了我，我明确说了是两盒破损，反正事实都在这了，他们爱咋咋滴吧，我现在也不敢用这四盒面膜，万一是不正规渠道来的面膜装在抛弃的垃圾盒里，这谁敢用啊，明摆着烂脸的。除了面膜，我还买了个手机，以后京东还是慎用，保佑手机没事吧，怕了怕了	【紧致肌肤】毛孔紧致黑面膜	4	1
****n	0	2	我用过无数贴这个面膜了从年一直到现在这是第一次在京东上买说实话买的时候就没报多大希望因为便宜果不其然真的是假的之前都是在麦德龙超市买后来在TB的海外旗舰店用着都非常好打开包装袋的那一刻我就知道完了这次真的是踩雷了这个香味啊一闻就不对正常不会这么香的如果有人和我一样喜欢这款面膜劝大家去TB海外旗舰店看看买一个试试就知道了	【紧致肌肤】毛孔紧致黑面膜	4	1
****h	1	3	美迪惠尔黑面膜听朋友推荐的。趁着活动买了件。没想到京东快递包装如此简陋。购买体验很不好。用起来面膜感觉一般般，没有很好，也没有很不好。符合这个价位。	【收缩毛孔】毛孔紧致黑面膜	4	1
爱***6	1	2	用了那么多年面膜，感觉买了假的一样。里面营养液绝对不会浪费，因为除了面膜上有一丝丝，袋里几乎没有富裕的。并且面膜手感也很差，面膜上营养液也很少。	【收缩毛孔】毛孔紧致黑面膜	4	1
A***H	0	2	不好用，包装运来的时候是被拆了的，面膜上的二维码在官网扫不出来正品检验，面膜里面精华很稀，刚贴到脸上的时候感觉有刺痛感，敷完以后效果马马虎虎，敷完以后用单纯水洗是洗不掉黑色绒毛的，有很多绒毛回粘在脸上，而且不知道为什么我感觉敷完以后毛孔变粗大了我也不是图便宜才买的这个，但是真的很让人不满意，不知道是不是，慎购还有就是那一堆好评我强烈怀疑只刷出来的	毛孔紧致黑炭面膜	4	1
贾***o	0	2	大家请谨慎购买。反正我买了用了几次。脸都烂完了。我很少长痘痘。用了之后脸上就很明显出现红肿。过一两天之后就长很大很大的痘包。痛的要死都不敢挤	【收缩毛孔】毛孔紧致黑面膜	4	1
****8	0	3	刚收到的，。太坑人了。	毛孔紧致黑炭面膜10片	4	1
K***W	0	2	拿回来还没用，期待效果	毛孔紧致黑炭面膜10片	4	1
****h	0	3	不如以前买的好，一般般	毛孔紧致黑炭面膜10片	4	1
u***g	0	3	昨天刚买完，今天就降价	毛孔紧致黑炭面膜10片	4	1
****8	0	3	就我觉得太一般了。真的。	毛孔紧致黑炭面膜10片	4	1
浅***懒	1	3	怎么感觉没上次买的好呢	毛孔紧致黑炭面膜10片	4	1
l***0	0	3	说真的没有看到任何效果	毛孔紧致黑炭面膜10片	4	1
****a	1	3	不好，质量毛毛的不规则	毛孔紧致黑炭面膜	4	1
u***6	0	3	条形码被帖住了，啥情况	毛孔紧致黑炭面膜	4	1
帅***兽	0	3	买来就这样了不知道说什么	毛孔紧致黑炭面膜10片	4	1
L***8	1	3	韩国的东西以后再也不买了	毛孔紧致黑炭面膜10片	4	1
2***_	1	2	一般般没啥效果	【紧致细腻】毛孔紧致黑面膜	4	1
北***2	1	3	只是贴完后有效果，不能持续	毛孔紧致黑炭面膜10片	4	1
****f	0	2	一般般吧，不知道是不是真的	毛孔紧致黑炭面膜10片	4	1
****2	0	3	收到是这样的想想我的心情	毛孔紧致黑炭面膜10片	4	1
u***c	1	3	不知道真假，总觉得这款很稀	毛孔紧致黑炭面膜	4	1
l***2	0	3	一般贴合效果	【紧致细腻】毛孔紧致黑炭面膜	4	1
1***9	1	3	跟韩国带回来的面膜纸不一样	毛孔紧致黑炭面膜10片	4	1
衣***8	0	3	京东自营的一周才给我送服了	毛孔紧致黑炭面膜10片	4	1
x***T	1	3	一般吧，和韩国买的有点不一样	毛孔紧致黑炭面膜10片	4	1
月***8	0	3	一般般，还没看到实质性的效果	毛孔紧致黑炭面膜10片	4	1
A***Z	0	3	寄过来时未密封，竟然是开封的	毛孔紧致黑炭面膜10片	4	1
****8	0	3	精华液比别的面膜少	【紧致细腻】毛孔紧致黑面膜	4	1
D***F	0	2	，还不如自己买点爽肤水拍一拍	毛孔紧致黑炭面膜10片	4	1
****9	0	3	说好的套装勿拆，请问这是什么情况	毛孔紧致黑炭面膜10片	4	1
7***m	1	3	已经拆过的，真的要我相信是	毛孔紧致黑炭面膜	4	1
只***飘	1	3	还可以还可以还可以啊啊啊	【紧致细腻】毛孔紧致黑面膜	4	1
明***_	0	3	还行吧，这次购物体验挺差的	【紧致细腻】毛孔紧致黑面膜	4	1
天***鱼	1	3	，果然很多产品对于毛孔收缩都很难。	【紧致细腻】毛孔紧致黑炭面膜	4	1
我***元	1	2	为什么跟上次在京东买的颜色深浅不一样	毛孔紧致黑炭面膜10片	4	1
b***x	1	3	激励激励和激励激励激励激励你你好你铭记激励	毛孔紧致黑炭面膜10片	4	1
V***6	1	3	一般般吧，扫码扫不到任何信息	【紧致肌肤】毛孔紧致黑面膜	4	1
昵***称	0	2	收到的时候就是这个样子的不知道怎么评价该怎么给媳妇	毛孔紧致黑炭面膜	4	1
东***客	1	3	一打开就这样子东西像拆了的二手货让我真心给不了星好评	毛孔紧致黑炭面膜10片	4	1
****b	0	2	和我在屈成氏买的不一样，闻起来也不一样，不知道是不是假的	毛孔紧致黑炭面膜	4	1
E***_	0	2	每个盒子都不是封起来的，感觉有点像假的	【紧致肌肤】毛孔紧致黑面膜	4	1
无***仙	0	2	以后肯定不会回购了，京东越来越会坑人了。很不满意的一次购物。以后京东购物需慎重。	毛孔紧致黑炭面膜10片	4	1
u***x	0	3	查不到真伪的吗每袋包装	毛孔紧致黑炭面膜10片	4	1
****f	0	2	价格不说，有个说好的优惠呢，我擦	毛孔紧致黑炭面膜	4	1
u***k	0	3	感觉没什么效果	毛孔紧致黑炭面膜10片	4	1
m***r	0	3	快递服务态度不错	毛孔紧致黑炭面膜10片	4	1
妤***1	0	3	面膜太厚，不太好用	毛孔紧致黑炭面膜10片	4	1
z***1	0	3	刚买就降价，沃日	毛孔紧致黑炭面膜10片	4	1
c***0	1	3	呜呜呜呜呜呜呜	毛孔紧致黑炭面膜10片	4	1
兔***o	1	3	一般感觉不像正品	毛孔紧致黑炭面膜10片	4	1
****2	0	3	感觉买到了假货	毛孔紧致黑炭面膜10片	4	1
****i	0	3	还可以，价格实惠	毛孔紧致黑炭面膜10片	4	1
H***N	0	3	还行吧，就是有点小	毛孔紧致黑炭面膜10片	4	1
z***6	1	3	和去韩国买的有区别	毛孔紧致黑炭面膜10片	4	1
w***v	0	2	为什么自己签收	毛孔紧致黑炭面膜10片	4	1
锐***洋	0	3	没有实体店买的好用	毛孔紧致黑炭面膜10片	4	1
落***孩	1	3	还没用，快递很快。	毛孔紧致黑炭面膜10片	4	1
****Y	0	2	还可以吧一般般	毛孔紧致黑炭面膜10片	4	1
u***t	0	3	刚用还没有看到效果	毛孔紧致黑炭面膜10片	4	1
胡***峰	0	3	还行吧，用了没感觉	毛孔紧致黑炭面膜10片	4	1
1***p	0	2	不知道怎么说	毛孔紧致黑炭面膜10片	4	1
玄***飛	0	3	包装盒都挤坏了	毛孔紧致黑炭面膜10片	4	1
再***了	1	3	不知道有没有效果。	毛孔紧致黑炭面膜10片	4	1
****c	0	2	精华像水，是假的	毛孔紧致黑炭面膜10片	4	1
自***清	0	3	包装不完整有破损	毛孔紧致黑炭面膜10片	4	1
娅***3	0	2	感觉效果不明显	毛孔紧致黑炭面膜10片	4	1
****f	0	2	不咋的，包装像假货	毛孔紧致黑炭面膜10片	4	1
严***郎	0	3	精华没宣传的多	毛孔紧致黑炭面膜10片	4	1
n***4	1	3	到货盒子都坏掉了	毛孔紧致黑炭面膜10片	4	1
K***兽	1	2	一分价钱一分货	毛孔紧致黑炭面膜10片	4	1
u***x	0	2	面膜买回来这样子。	毛孔紧致黑炭面膜10片	4	1
花***离	0	3	还可以，用到舒服	毛孔紧致黑炭面膜10片	4	1
土***郎	0	2	感觉效果不是很好	毛孔紧致黑炭面膜10片	4	1
u***l	0	3	用了感觉不咋的	毛孔紧致黑炭面膜10片	4	1
****9	0	2	包装盒子被压坏	毛孔紧致黑炭面膜10片	4	1
Y***k	0	2	感觉没有上次买的好	毛孔紧致黑炭面膜10片	4	1
d***a	0	2	送过来包装都压坏了	毛孔紧致黑炭面膜10片	4	1
A***悔	0	3	感觉没有多大效果	毛孔紧致黑炭面膜10片	4	1
****丶	1	2	快递收到是这样的	毛孔紧致黑炭面膜10片	4	1
S***f	0	3	没有以前买的好用	毛孔紧致黑炭面膜10片	4	1
****i	0	3	包装这么随意吗	毛孔紧致黑炭面膜10片	4	1
江***少	0	2	没到预期的效果	毛孔紧致黑炭面膜10片	4	1
缘***物	1	3	使用不是很愉快	毛孔紧致黑炭面膜10片	4	1
a***J	0	3	用了几贴，效果一般	毛孔紧致黑炭面膜10片	4	1
创***靈	0	2	包装差，感觉像假货	毛孔紧致黑炭面膜10片	4	1
****f	0	3	缩小毛孔不明显	毛孔紧致黑炭面膜	4	1
l***0	1	3	补水还行，锁水很差	毛孔紧致黑炭面膜	4	1
杏***嫣	1	3	配送点服务奇差	毛孔紧致黑炭面膜	4	1
冰***火	1	3	，没什么感觉	毛孔紧致黑炭面膜	4	1
暀***风	1	3	还没用以后再评论	毛孔紧致黑炭面膜	4	1
逐***贝	1	3	还行吧还行吧还行吧	毛孔紧致黑炭面膜	4	1
q***魏	0	3	太厚价格不便宜	毛孔紧致黑炭面膜	4	1
****u	0	3	包装的也太简单了吧	毛孔紧致黑炭面膜	4	1
美***丽	1	3	给朋友买了一盒	毛孔紧致黑炭面膜	4	1
x***8	0	3	发货慢，备货不足	毛孔紧致黑炭面膜	4	1
请***1	0	2	没什么明显效果	毛孔紧致黑炭面膜	4	1
****o	1	3	开裆裤快点快点看	毛孔紧致黑炭面膜	4	1
你***倩	0	2	还可以，挺便宜的	毛孔紧致黑炭面膜	4	1
创***靈	0	3	价格不稳定有点贵	毛孔紧致黑炭面膜	4	1
u***5	0	3	一直都在用，不错	【紧致细腻】毛孔紧致黑炭面膜	4	1
丶***殇	0	3	用了之后一脸痘痘	【紧致细腻】毛孔紧致黑面膜	4	1
****9	0	2	，双降价太厉害了，	【紧致细腻】毛孔紧致黑面膜	4	1
鶶***歌	0	3	一般般，价格有点贵	【紧致细腻】毛孔紧致黑面膜	4	1
晨***风	1	3	跟贴合非常喜欢	【紧致细腻】毛孔紧致黑面膜	4	1
****n	0	3	不知道是不是真的网上买东西还是要慎重啊	毛孔紧致黑炭面膜10片	4	1
艾***妙	1	3	和上次买的不太一样	【紧致细腻】毛孔紧致黑面膜	4	1
v***J	0	2	我给老婆买的，她说不好用。差评。	毛孔紧致黑炭面膜10片	4	1
z***i	0	3	，二件半价，第三件。官方的怎么差这么多	【紧致细腻】毛孔紧致黑面膜	4	1
1***5	1	3	还可以吧，盒子没有封条，不知道是真的假的。	【紧致细腻】毛孔紧致黑面膜	4	1
L***c	0	3	好像有点贵，也有点坑咋，不知道效果咋样	【紧致细腻】毛孔紧致黑面膜	4	1
刘***8	0	3	还没用，看着还行	毛孔紧致黑炭面膜10片	4	1
青***昔	1	3	扫码扫不到信息	【紧致肌肤】毛孔紧致黑面膜	4	1
s***7	0	3	很好用，效果很好	毛孔紧致黑炭面膜10片	4	1
时***-	1	3	包装不是一般的差	【紧致肌肤】毛孔紧致黑面膜	4	1
****X	0	3	还可以	【紧致肌肤】毛孔紧致黑面膜	4	1
皮***n	0	2	寄来都这样了，差	【紧致肌肤】毛孔紧致黑面膜	4	1
轩***忧	1	3	很厚，感觉是假的	【紧致肌肤】毛孔紧致黑面膜	4	1
伟***蔡	0	2	刚用不知道好不好用	【紧致肌肤】毛孔紧致黑面膜	4	1
么***果	0	2	都是开开的包装	【紧致肌肤】毛孔紧致黑面膜	4	1
梦***哪	0	2	水比较少，不太好	【紧致肌肤】毛孔紧致黑面膜	4	1
果***J	0	3	没有太大的感觉不过补水还可以	毛孔紧致黑炭面膜10片	4	1
v***9	0	3	过敏，用上就过敏，以前没有过	毛孔紧致黑炭面膜10片	4	1
u****	1	3	价格下降了不少，买贵了，心塞。补不补差价	【紧致肌肤】毛孔紧致黑面膜	4	1
****6	0	2	这回买的用的第一片水特少，京东扫不出码也不知道真假	毛孔紧致黑炭面膜	4	1
上***g	0	3	不怎么好有点刺痛	【清洁收缩毛孔】毛孔紧致黑面膜	4	1
越***物	0	3	感觉补水效果很一般	【收缩毛孔】毛孔紧致黑面膜	4	1
u***2	0	2	确定是真货吗，扫不得出来。我在买是扫得出来的。	毛孔紧致黑炭面膜10片	4	1
****f	1	3	还没有用价格高了点不知道是不是正品在香港买的便宜点	毛孔紧致黑炭面膜10片	4	1
微***天	0	3	当时敷了感觉还不错，第二天早上就又打回原形了，也不怎么样	毛孔紧致黑炭面膜	4	1
冷***水	0	3	这是什么情况这么多黑色的絮絮不是一片里有	毛孔紧致黑炭面膜	4	1
拒***品	0	3	使用效果不错，但是不是想象的那么完美	【紧致肌肤】毛孔紧致黑面膜	4	1
****0	0	3	第一次用	毛孔紧致黑炭面膜10片	4	1
幸***1	0	3	一般般	毛孔紧致黑炭面膜10片	4	1
身***世	0	2	可以不错的	毛孔紧致黑炭面膜10片	4	1
r***5	0	3	还可以	毛孔紧致黑炭面膜10片	4	1
s***n	1	3		毛孔紧致黑炭面膜10片	4	1
1***-	1	2	有点小失望	毛孔紧致黑炭面膜10片	4	1
c***l	0	3	一般般不好	毛孔紧致黑炭面膜10片	4	1
s***7	0	3	没啥感觉	毛孔紧致黑炭面膜10片	4	1
M***W	0	3	还行吧，	毛孔紧致黑炭面膜10片	4	1
S***h	0	3	还行，	毛孔紧致黑炭面膜10片	4	1
红***汇	0	2		毛孔紧致黑炭面膜10片	4	1
蒋***明	1	3	东西一般	毛孔紧致黑炭面膜10片	4	1
****g	0	3	物流很好	毛孔紧致黑炭面膜10片	4	1
I***X	0	3	觉得有点油腻	毛孔紧致黑炭面膜10片	4	1
****s	0	3		毛孔紧致黑炭面膜10片	4	1
为***狂	1	3	希望是正品	毛孔紧致黑炭面膜10片	4	1
U***J	0	3	还可以。	毛孔紧致黑炭面膜10片	4	1
L***6	1	3	有点刺激	毛孔紧致黑炭面膜10片	4	1
C***o	0	3	还行	毛孔紧致黑炭面膜10片	4	1
华***4	1	3	没什么可说的～～～～～～～～～～	毛孔紧致黑炭面膜10片	4	1
鼯***7	1	3		毛孔紧致黑炭面膜10片	4	1
负***朝	0	3	e	毛孔紧致黑炭面膜10片	4	1
****b	0	2	用了过敏，	毛孔紧致黑炭面膜10片	4	1
****e	0	2	还行	毛孔紧致黑炭面膜10片	4	1
娇***美	0	3	不错。很喜欢我	毛孔紧致黑炭面膜10片	4	1
乐***f	0	2	没有效果啊	毛孔紧致黑炭面膜10片	4	1
W***h	0	3	还行吧	毛孔紧致黑炭面膜10片	4	1
R***e	0	3	效果一般	毛孔紧致黑炭面膜10片	4	1
我***鱼	0	3	还没有使用	毛孔紧致黑炭面膜10片	4	1
****1	0	3	。	毛孔紧致黑炭面膜10片	4	1
锐***洋	0	3	一般般的感觉	毛孔紧致黑炭面膜10片	4	1
z***3	0	2	还没用，不过商家这广告打的四盒是怎真逗，卷都用了，最后还是花了块钱全是套路	【紧致细腻】毛孔紧致黑面膜	4	1
****d	0	3	还是挺不错的	毛孔紧致黑炭面膜10片	4	1
****3	0	2	用了还行。	毛孔紧致黑炭面膜10片	4	1
肥***子	1	3	用了就过敏了	毛孔紧致黑炭面膜10片	4	1
_***r	0	3	效果一般般吧	毛孔紧致黑炭面膜10片	4	1
几***_	1	3	没有啥效果，	毛孔紧致黑炭面膜10片	4	1
****7	1	3	还没用	毛孔紧致黑炭面膜10片	4	1
a***5	0	3	没啥感觉。	毛孔紧致黑炭面膜10片	4	1
****v	0	3	尺寸不够大啊	毛孔紧致黑炭面膜10片	4	1
罗***朋	0	3	挺不错的，。	毛孔紧致黑炭面膜10片	4	1
苦***呆	0	2	效果不好。	毛孔紧致黑炭面膜10片	4	1
阿***Q	0	3	一般一般一般	毛孔紧致黑炭面膜10片	4	1
****b	0	3	质量问题般，	毛孔紧致黑炭面膜10片	4	1
u***p	0	3	还好	毛孔紧致黑炭面膜10片	4	1
****b	0	3	没什么用，	毛孔紧致黑炭面膜10片	4	1
Z***7	0	2	再看吧	毛孔紧致黑炭面膜10片	4	1
****o	0	3		毛孔紧致黑炭面膜10片	4	1
****c	0	2	感觉不太行	毛孔紧致黑炭面膜10片	4	1
****j	0	3	还行吧	毛孔紧致黑炭面膜10片	4	1
黃***7	0	3	包裝有點差	毛孔紧致黑炭面膜10片	4	1
老***8	0	3	包装被人拆过	毛孔紧致黑炭面膜10片	4	1
J***0	0	3	没什么效果	毛孔紧致黑炭面膜10片	4	1
****C	0	3		毛孔紧致黑炭面膜10片	4	1
f***8	1	2	其实没什么用	毛孔紧致黑炭面膜10片	4	1
****6	0	3	没有发票	毛孔紧致黑炭面膜10片	4	1
凯***林	1	3		毛孔紧致黑炭面膜10片	4	1
特***名	0	3		毛孔紧致黑炭面膜10片	4	1
****q	0	3		毛孔紧致黑炭面膜10片	4	1
z***h	1	3	还可以	毛孔紧致黑炭面膜10片	4	1
这***-	0	3	还行	毛孔紧致黑炭面膜10片	4	1
****r	0	3	反正不像真的	毛孔紧致黑炭面膜10片	4	1
忘***城	1	3	一般般吧。	毛孔紧致黑炭面膜10片	4	1
Z***6	1	2	没啥改变	毛孔紧致黑炭面膜10片	4	1
p***2	1	3	还不错，	毛孔紧致黑炭面膜10片	4	1
****y	0	3		毛孔紧致黑炭面膜10片	4	1
****2	0	3	用起来一般般	毛孔紧致黑炭面膜10片	4	1
精***5	1	3	就这包装打击	毛孔紧致黑炭面膜10片	4	1
若***y	1	2	这个一般吧	毛孔紧致黑炭面膜10片	4	1
荞***8	0	3	包装简陋	毛孔紧致黑炭面膜10片	4	1
****w	1	3	过敏	毛孔紧致黑炭面膜10片	4	1
Y***晴	0	3	物流快，东西好，	毛孔紧致黑炭面膜10片	4	1
****q	0	2	垃圾东西，假货	毛孔紧致黑炭面膜10片	4	1
你***吗	0	2	包装真的垃圾	毛孔紧致黑炭面膜10片	4	1
****4	0	3	补水很好	毛孔紧致黑炭面膜10片	4	1
****F	0	3	掉价太快	毛孔紧致黑炭面膜10片	4	1
杨***1	0	2	无语了开过的	毛孔紧致黑炭面膜10片	4	1
E***g	1	2	还行	毛孔紧致黑炭面膜10片	4	1
u***w	0	3	OK吧还可以	毛孔紧致黑炭面膜10片	4	1
哈***潘	0	3	包装开的	毛孔紧致黑炭面膜10片	4	1
z***w	0	2	刚到不知效果	毛孔紧致黑炭面膜10片	4	1
小***8	1	2	还好吧	毛孔紧致黑炭面膜10片	4	1
u***6	0	3	没什么效果	毛孔紧致黑炭面膜10片	4	1
****q	0	3	一般般	毛孔紧致黑炭面膜10片	4	1
****z	0	3		毛孔紧致黑炭面膜10片	4	1
雁***8	0	3		毛孔紧致黑炭面膜10片	4	1
W***t	0	3	物流有太慢了，	毛孔紧致黑炭面膜10片	4	1
e***L	1	2	好像假的	毛孔紧致黑炭面膜10片	4	1
****d	0	2		毛孔紧致黑炭面膜10片	4	1
绅***-	0	3	包装太差，差评	毛孔紧致黑炭面膜10片	4	1
1***l	1	3	不是新包装	毛孔紧致黑炭面膜10片	4	1
****2	0	3	还可以	毛孔紧致黑炭面膜10片	4	1
****1	1	3	买贵了好多	毛孔紧致黑炭面膜	4	1
卡****	1	3	没啥效果	毛孔紧致黑炭面膜	4	1
****E	1	3	盒子都变形了	毛孔紧致黑炭面膜	4	1
****7	0	3		毛孔紧致黑炭面膜	4	1
h***3	1	3	不咋好用	毛孔紧致黑炭面膜	4	1
T***丶	1	3	效果不明显	毛孔紧致黑炭面膜	4	1
上***王	1	2	不好	毛孔紧致黑炭面膜	4	1
u***2	0	3	还好，	毛孔紧致黑炭面膜	4	1
****v	0	3	效果一般，	毛孔紧致黑炭面膜	4	1
u***s	0	3	感觉不太好用	毛孔紧致黑炭面膜	4	1
淘***乐	0	3	一般吧不值	毛孔紧致黑炭面膜	4	1
****3	0	2	黑头去不掉	毛孔紧致黑炭面膜	4	1
忠***粉	0	2	太小了	毛孔紧致黑炭面膜	4	1
白***诶	0	3	包装太差	毛孔紧致黑炭面膜	4	1
****1	0	3	包装太差了	毛孔紧致黑炭面膜	4	1
s***0	0	2	还行	毛孔紧致黑炭面膜	4	1
****o	1	2	不咋地	毛孔紧致黑炭面膜	4	1
z***X	0	2	我用这个过敏	毛孔紧致黑炭面膜	4	1
****3	0	3	包装需要提升	毛孔紧致黑炭面膜	4	1
****1	0	3	感觉没效果	毛孔紧致黑炭面膜	4	1
梦***-	0	3	包装有破损	毛孔紧致黑炭面膜	4	1
O***y	1	2		毛孔紧致黑炭面膜	4	1
****0	0	3	感觉一般	毛孔紧致黑炭面膜	4	1
糖***_	0	3		毛孔紧致黑炭面膜	4	1
1***p	0	2	一般般	毛孔紧致黑炭面膜	4	1
****u	0	3	划算得不得了	毛孔紧致黑炭面膜	4	1
****妗	0	3	一般般吧	毛孔紧致黑炭面膜	4	1
****b	0	2	补水效果一般	毛孔紧致黑炭面膜	4	1
-***-	0	3	不知道	毛孔紧致黑炭面膜	4	1
****2	0	3	还可以	毛孔紧致黑炭面膜	4	1
微***0	1	3	一般般	毛孔紧致黑炭面膜	4	1
u***3	1	3	盒子是开的	毛孔紧致黑炭面膜	4	1
v***4	0	3	还行	毛孔紧致黑炭面膜	4	1
s***2	0	2	还行吧	毛孔紧致黑炭面膜	4	1
****7	0	3	补水效果一般	毛孔紧致黑炭面膜	4	1
u***3	0	3	一般般吧	毛孔紧致黑炭面膜	4	1
****o	0	3	没有防伪码	毛孔紧致黑炭面膜	4	1
Z***生	1	3	有点小	毛孔紧致黑炭面膜	4	1
泡***怪	0	2	一般吧	毛孔紧致黑炭面膜	4	1
0***0	0	2	有点假	毛孔紧致黑炭面膜	4	1
****z	0	3	还不错	毛孔紧致黑炭面膜	4	1
W***i	1	3		毛孔紧致黑炭面膜	4	1
团***9	0	2	过敏	毛孔紧致黑炭面膜	4	1
特***7	1	3	一般般啦	毛孔紧致黑炭面膜	4	1
X***9	1	3	还行，精华不多	毛孔紧致黑炭面膜	4	1
u***g	1	3	还可以	毛孔紧致黑炭面膜	4	1
岚***a	0	3		毛孔紧致黑炭面膜	4	1
l***g	1	3		毛孔紧致黑炭面膜	4	1
l***5	0	3		【紧致细腻】毛孔紧致黑炭面膜	4	1
